height,locator_class,locator_css,locator_id,locator_linkText,locator_name,locator_partialLinkText,locator_tag,locator_xpath,tag,text,widget_id,width,x,y
15,skip-nav,button#a11y-skip-nav,a11y-skip-nav,,0,,BUTTON,/html/body/div[2]/div[2]/div[2]/button,BUTTON,Skip navigation,1,88,30,-106
30,yt-uix-button yt-uix-button-size-default yt-uix-button-text yt-uix-button-empty yt-uix-button-has-icon appbar-guide-toggle appbar-guide-clickable-ancestor,button#appbar-guide-button,appbar-guide-button,,0,,BUTTON,/html/body/div[2]/div[2]/div[2]/div/div/button,BUTTON,,2,38,23,10
30,masthead-logo-renderer yt-uix-sessionlink      spf-link ,a#logo-container,logo-container,,0,,A,/html/body/div[2]/div[2]/div[2]/div/div/span/a,A,,3,100,64,10
28,yt-uix-button   yt-uix-sessionlink yt-uix-button-opacity yt-uix-button-size-default yt-uix-button-has-icon yt-uix-tooltip yt-uix-button-empty,a#upload-btn,upload-btn,,0,,A,/html/body/div[2]/div[2]/div[2]/div/div[2]/a,A,,4,44,1052,10
28,yt-uix-button yt-uix-button-size-default yt-uix-button-primary,div#yt-masthead-signin > div > button,0,,0,,BUTTON,/html/body/div[2]/div[2]/div[2]/div/div[2]/div/button,BUTTON,Sign in,5,55,1115,10
29,yt-uix-button yt-uix-button-size-default yt-uix-button-default search-btn-component search-button,button#search-btn,search-btn,,0,,BUTTON,/html/body/div[2]/div[2]/div[2]/div/div[3]/form/button,BUTTON,Search,6,66,814,10
27,search-term masthead-search-renderer-input yt-uix-form-input-bidi,input#masthead-search-term,masthead-search-term,,search_query,,INPUT,/html/body/div[2]/div[2]/div[2]/div/div[3]/form/div/input,INPUT,,7,582,231,11
40,yt-uix-button   spf-link yt-uix-sessionlink yt-uix-button-epic-nav-item yt-uix-button-size-default,div#appbar-nav > ul > li:nth-of-type(2) > a,0,Trending,0,Trending,A,/html/body/div[2]/div[2]/div[3]/div/div/div/ul/li[2]/a,A,Trending,8,51,607,50
18,branded-page-module-title-link yt-uix-sessionlink      spf-link ,ol#item-section-526903 > li > div > div > div > div > h2 > a,0,Trending,0,Trending,A,/html/body/div[2]/div[4]/div/div[5]/div/div/div/div/div/div[2]/div/div/ol/li/ol/li/div/div/div/div/h2/a,A,Trending,9,59,90,116
18,yt-uix-button  shelves-play play-all-icon-btn yt-uix-sessionlink yt-uix-sessionlink yt-uix-button-default yt-uix-button-size-small yt-uix-button-has-icon no-icon-markup,ol#item-section-526903 > li > div > div > div > div > h2 > a:nth-of-type(2),0,Play all,0,Play all,A,/html/body/div[2]/div[4]/div/div[5]/div/div/div/div/div/div[2]/div/div/ol/li/ol/li/div/div/div/div/h2/a[2],A,Play all,10,79,154,117
13, yt-uix-sessionlink      spf-link ,ol#item-section-526903 > li > div > div > div:nth-of-type(2) > div > ul > li > div > div > div > a,0,17:05,0,17:05,A,/html/body/div[2]/div[4]/div/div[5]/div/div/div/div/div/div[2]/div/div/ol/li/ol/li/div/div/div[2]/div/ul/li/div/div/div/a,A,17:05,11,196,90,193
34, yt-ui-ellipsis yt-ui-ellipsis-2 yt-uix-sessionlink      spf-link ,ol#item-section-526903 > li > div > div > div:nth-of-type(2) > div > ul > li > div > div > div:nth-of-type(2) > h3 > a,0,10 wings | 5 minutes!!! IMPOSSIBLE Food Challenges in the USA! (worst day of my life),0,10 wings |,A,/html/body/div[2]/div[4]/div/div[5]/div/div/div/div/div/div[2]/div/div/ol/li/ol/li/div/div/div[2]/div/ul/li/div/div/div[2]/h3/a,A,10 wings | 5 minutes!!! IMPOSSIBLE Food Challenges in the USA! (worst day of my life),12,196,90,259
13,yt-uix-sessionlink       spf-link ,ol#item-section-526903 > li > div > div > div:nth-of-type(2) > div > ul > li > div > div > div:nth-of-type(2) > div > a,0,Best Ever Food Review Show,0,Best Ever ,A,/html/body/div[2]/div[4]/div/div[5]/div/div/div/div/div/div[2]/div/div/ol/li/ol/li/div/div/div[2]/div/ul/li/div/div/div[2]/div/a,A,Best Ever Food Review Show,13,140,90,294
13, yt-uix-sessionlink      spf-link ,ol#item-section-526903 > li > div > div > div:nth-of-type(2) > div > ul > li:nth-of-type(2) > div > div > div > a,0,13:35,0,13:35,A,/html/body/div[2]/div[4]/div/div[5]/div/div/div/div/div/div[2]/div/div/ol/li/ol/li/div/div/div[2]/div/ul/li[2]/div/div/div/a,A,13:35,14,196,296,193
34, yt-ui-ellipsis yt-ui-ellipsis-2 yt-uix-sessionlink      spf-link ,ol#item-section-526903 > li > div > div > div:nth-of-type(2) > div > ul > li:nth-of-type(2) > div > div > div:nth-of-type(2) > h3 > a,0,Top 10 Best Avengers Endgame Moments,0,Top 10 Bes,A,/html/body/div[2]/div[4]/div/div[5]/div/div/div/div/div/div[2]/div/div/ol/li/ol/li/div/div/div[2]/div/ul/li[2]/div/div/div[2]/h3/a,A,Top 10 Best Avengers Endgame Moments,15,196,296,259
13,yt-uix-sessionlink       spf-link ,ol#item-section-526903 > li > div > div > div:nth-of-type(2) > div > ul > li:nth-of-type(2) > div > div > div:nth-of-type(2) > div > a,0,WatchMojo.com,0,WatchMojo.,A,/html/body/div[2]/div[4]/div/div[5]/div/div/div/div/div/div[2]/div/div/ol/li/ol/li/div/div/div[2]/div/ul/li[2]/div/div/div[2]/div/a,A,WatchMojo.com,16,80,296,294
13, yt-uix-sessionlink      spf-link ,ol#item-section-526903 > li > div > div > div:nth-of-type(2) > div > ul > li:nth-of-type(3) > div > div > div > a,0,7:24,0,7:24,A,/html/body/div[2]/div[4]/div/div[5]/div/div/div/div/div/div[2]/div/div/ol/li/ol/li/div/div/div[2]/div/ul/li[3]/div/div/div/a,A,7:24,17,196,502,193
34, yt-ui-ellipsis yt-ui-ellipsis-2 yt-uix-sessionlink      spf-link ,ol#item-section-526903 > li > div > div > div:nth-of-type(2) > div > ul > li:nth-of-type(3) > div > div > div:nth-of-type(2) > h3 > a,0,Light Balance Kids Receives The GOLDEN BUZZER From Ellie Kemper! - America's Got Talent 2019,0,Light Bala,A,/html/body/div[2]/div[4]/div/div[5]/div/div/div/div/div/div[2]/div/div/ol/li/ol/li/div/div/div[2]/div/ul/li[3]/div/div/div[2]/h3/a,A,Light Balance Kids Receives The GOLDEN BUZZER From Ellie Kemper! - America's Got Talent 2019,18,196,502,259
13,yt-uix-sessionlink       spf-link ,ol#item-section-526903 > li > div > div > div:nth-of-type(2) > div > ul > li:nth-of-type(3) > div > div > div:nth-of-type(2) > div > a,0,America's Got Talent,0,America's ,A,/html/body/div[2]/div[4]/div/div[5]/div/div/div/div/div/div[2]/div/div/ol/li/ol/li/div/div/div[2]/div/ul/li[3]/div/div/div[2]/div/a,A,America's Got Talent,19,100,502,294
13, yt-uix-sessionlink      spf-link ,ol#item-section-526903 > li > div > div > div:nth-of-type(2) > div > ul > li:nth-of-type(4) > div > div > div > a,0,8:56,0,8:56,A,/html/body/div[2]/div[4]/div/div[5]/div/div/div/div/div/div[2]/div/div/ol/li/ol/li/div/div/div[2]/div/ul/li[4]/div/div/div/a,A,8:56,20,196,708,193
34, yt-ui-ellipsis yt-ui-ellipsis-2 yt-uix-sessionlink      spf-link ,ol#item-section-526903 > li > div > div > div:nth-of-type(2) > div > ul > li:nth-of-type(4) > div > div > div:nth-of-type(2) > h3 > a,0,Bass Fishing Battle | Dude Perfect,0,Bass Fishi,A,/html/body/div[2]/div[4]/div/div[5]/div/div/div/div/div/div[2]/div/div/ol/li/ol/li/div/div/div[2]/div/ul/li[4]/div/div/div[2]/h3/a,A,Bass Fishing Battle | Dude Perfect,21,196,708,259
13,yt-uix-sessionlink       spf-link ,ol#item-section-526903 > li > div > div > div:nth-of-type(2) > div > ul > li:nth-of-type(4) > div > div > div:nth-of-type(2) > div > a,0,Dude Perfect,0,Dude Perfe,A,/html/body/div[2]/div[4]/div/div[5]/div/div/div/div/div/div[2]/div/div/ol/li/ol/li/div/div/div[2]/div/ul/li[4]/div/div/div[2]/div/a,A,Dude Perfect,22,63,708,294
13, yt-uix-sessionlink      spf-link ,ol#item-section-526903 > li > div > div > div:nth-of-type(2) > div > ul > li:nth-of-type(5) > div > div > div > a,0,6:18,0,6:18,A,/html/body/div[2]/div[4]/div/div[5]/div/div/div/div/div/div[2]/div/div/ol/li/ol/li/div/div/div[2]/div/ul/li[5]/div/div/div/a,A,6:18,23,196,914,193
34, yt-ui-ellipsis yt-ui-ellipsis-2 yt-uix-sessionlink      spf-link ,ol#item-section-526903 > li > div > div > div:nth-of-type(2) > div > ul > li:nth-of-type(5) > div > div > div:nth-of-type(2) > h3 > a,0,2 Chainz Drinks $450K Tequila | Most Expensivest | GQ & VICELAND,0,2 Chainz D,A,/html/body/div[2]/div[4]/div/div[5]/div/div/div/div/div/div[2]/div/div/ol/li/ol/li/div/div/div[2]/div/ul/li[5]/div/div/div[2]/h3/a,A,2 Chainz Drinks $450K Tequila | Most Expensivest | GQ & VICELAND,24,196,914,259
13,yt-uix-sessionlink       spf-link ,ol#item-section-526903 > li > div > div > div:nth-of-type(2) > div > ul > li:nth-of-type(5) > div > div > div:nth-of-type(2) > div > a,0,GQ,0,GQ,A,/html/body/div[2]/div[4]/div/div[5]/div/div/div/div/div/div[2]/div/div/ol/li/ol/li/div/div/div[2]/div/ul/li[5]/div/div/div[2]/div/a,A,GQ,25,15,914,294
13, yt-uix-sessionlink      spf-link ,ol#item-section-526903 > li > div > div > div:nth-of-type(2) > div > ul > li:nth-of-type(6) > div > div > div > a,0,24:00,0,24:00,A,/html/body/div[2]/div[4]/div/div[5]/div/div/div/div/div/div[2]/div/div/ol/li/ol/li/div/div/div[2]/div/ul/li[6]/div/div/div/a,A,24:00,26,196,1120,193
34, yt-ui-ellipsis yt-ui-ellipsis-2 yt-uix-sessionlink      spf-link ,ol#item-section-526903 > li > div > div > div:nth-of-type(2) > div > ul > li:nth-of-type(6) > div > div > div:nth-of-type(2) > h3 > a,0,10 Products That'll Turn CAMPING Into GLAMPING!,0,10 Product,A,/html/body/div[2]/div[4]/div/div[5]/div/div/div/div/div/div[2]/div/div/ol/li/ol/li/div/div/div[2]/div/ul/li[6]/div/div/div[2]/h3/a,A,10 Products That'll Turn CAMPING Into GLAMPING!,27,196,1120,259
13,yt-uix-sessionlink       spf-link ,ol#item-section-526903 > li > div > div > div:nth-of-type(2) > div > ul > li:nth-of-type(6) > div > div > div:nth-of-type(2) > div > a,0,DOPE or NOPE,0,DOPE or NO,A,/html/body/div[2]/div[4]/div/div[5]/div/div/div/div/div/div[2]/div/div/ol/li/ol/li/div/div/div[2]/div/ul/li[6]/div/div/div[2]/div/a,A,DOPE or NOPE,28,72,1120,294
13, yt-uix-sessionlink      spf-link ,ol#item-section-526903 > li > div > div > div:nth-of-type(2) > div > ul > li:nth-of-type(7) > div > div > div > a,0,9:05,0,9:05,A,/html/body/div[2]/div[4]/div/div[5]/div/div/div/div/div/div[2]/div/div/ol/li/ol/li/div/div/div[2]/div/ul/li[7]/div/div/div/a,A,9:05,29,196,1326,193
34, yt-ui-ellipsis yt-ui-ellipsis-2 yt-uix-sessionlink      spf-link ,ol#item-section-526903 > li > div > div > div:nth-of-type(2) > div > ul > li:nth-of-type(7) > div > div > div:nth-of-type(2) > h3 > a,0,Jimmy Kimmel Chats with The Bachelorette Hannah B.,0,Jimmy Kimm,A,/html/body/div[2]/div[4]/div/div[5]/div/div/div/div/div/div[2]/div/div/ol/li/ol/li/div/div/div[2]/div/ul/li[7]/div/div/div[2]/h3/a,A,Jimmy Kimmel Chats with The Bachelorette Hannah B.,30,196,1326,259
13,yt-uix-sessionlink       spf-link ,ol#item-section-526903 > li > div > div > div:nth-of-type(2) > div > ul > li:nth-of-type(7) > div > div > div:nth-of-type(2) > div > a,0,Jimmy Kimmel Live,0,Jimmy Kimm,A,/html/body/div[2]/div[4]/div/div[5]/div/div/div/div/div/div[2]/div/div/ol/li/ol/li/div/div/div[2]/div/ul/li[7]/div/div/div[2]/div/a,A,Jimmy Kimmel Live,31,96,1326,294
13, yt-uix-sessionlink      spf-link ,ol#item-section-526903 > li > div > div > div:nth-of-type(2) > div > ul > li:nth-of-type(8) > div > div > div > a,0,15:16,0,15:16,A,/html/body/div[2]/div[4]/div/div[5]/div/div/div/div/div/div[2]/div/div/ol/li/ol/li/div/div/div[2]/div/ul/li[8]/div/div/div/a,A,15:16,32,196,1532,193
34, yt-ui-ellipsis yt-ui-ellipsis-2 yt-uix-sessionlink      spf-link ,ol#item-section-526903 > li > div > div > div:nth-of-type(2) > div > ul > li:nth-of-type(8) > div > div > div:nth-of-type(2) > h3 > a,0,"Surprise $2,800 Studio Apartment Makeover  • Try DIY",0,Surprise $,A,/html/body/div[2]/div[4]/div/div[5]/div/div/div/div/div/div[2]/div/div/ol/li/ol/li/div/div/div[2]/div/ul/li[8]/div/div/div[2]/h3/a,A,"Surprise $2,800 Studio Apartment Makeover  • Try DIY",33,196,1532,259
13,yt-uix-sessionlink       spf-link ,ol#item-section-526903 > li > div > div > div:nth-of-type(2) > div > ul > li:nth-of-type(8) > div > div > div:nth-of-type(2) > div > a,0,The Try Guys,0,The Try Gu,A,/html/body/div[2]/div[4]/div/div[5]/div/div/div/div/div/div[2]/div/div/ol/li/ol/li/div/div/div[2]/div/ul/li[8]/div/div/div[2]/div/a,A,The Try Guys,34,63,1532,294
13, yt-uix-sessionlink      spf-link ,ol#item-section-526903 > li > div > div > div:nth-of-type(2) > div > ul > li:nth-of-type(9) > div > div > div > a,0,5:34,0,5:34,A,/html/body/div[2]/div[4]/div/div[5]/div/div/div/div/div/div[2]/div/div/ol/li/ol/li/div/div/div[2]/div/ul/li[9]/div/div/div/a,A,5:34,35,196,1738,193
34, yt-ui-ellipsis yt-ui-ellipsis-2 yt-uix-sessionlink      spf-link ,ol#item-section-526903 > li > div > div > div:nth-of-type(2) > div > ul > li:nth-of-type(9) > div > div > div:nth-of-type(2) > h3 > a,0,Binging with Babish: Squid Ink Pasta from JoJo's Bizarre Adventure,0,Binging wi,A,/html/body/div[2]/div[4]/div/div[5]/div/div/div/div/div/div[2]/div/div/ol/li/ol/li/div/div/div[2]/div/ul/li[9]/div/div/div[2]/h3/a,A,Binging with Babish: Squid Ink Pasta from JoJo's Bizarre Adventure,36,196,1738,259
13,yt-uix-sessionlink       spf-link ,ol#item-section-526903 > li > div > div > div:nth-of-type(2) > div > ul > li:nth-of-type(9) > div > div > div:nth-of-type(2) > div > a,0,Binging with Babish,0,Binging wi,A,/html/body/div[2]/div[4]/div/div[5]/div/div/div/div/div/div[2]/div/div/ol/li/ol/li/div/div/div[2]/div/ul/li[9]/div/div/div[2]/div/a,A,Binging with Babish,37,96,1738,294
13, yt-uix-sessionlink      spf-link ,ol#item-section-526903 > li > div > div > div:nth-of-type(2) > div > ul > li:nth-of-type(10) > div > div > div > a,0,9:41,0,9:41,A,/html/body/div[2]/div[4]/div/div[5]/div/div/div/div/div/div[2]/div/div/ol/li/ol/li/div/div/div[2]/div/ul/li[10]/div/div/div/a,A,9:41,38,196,1944,193
34, yt-ui-ellipsis yt-ui-ellipsis-2 yt-uix-sessionlink      spf-link ,ol#item-section-526903 > li > div > div > div:nth-of-type(2) > div > ul > li:nth-of-type(10) > div > div > div:nth-of-type(2) > h3 > a,0,Hannah Brown reveals she wants Tyler C. to be ‘part of her life’ l GMA,0,Hannah Bro,A,/html/body/div[2]/div[4]/div/div[5]/div/div/div/div/div/div[2]/div/div/ol/li/ol/li/div/div/div[2]/div/ul/li[10]/div/div/div[2]/h3/a,A,Hannah Brown reveals she wants Tyler C. to be ‘part of her life’ l GMA,39,196,1944,259
13,yt-uix-sessionlink       spf-link ,ol#item-section-526903 > li > div > div > div:nth-of-type(2) > div > ul > li:nth-of-type(10) > div > div > div:nth-of-type(2) > div > a,0,Good Morning America,0,Good Morni,A,/html/body/div[2]/div[4]/div/div[5]/div/div/div/div/div/div[2]/div/div/ol/li/ol/li/div/div/div[2]/div/ul/li[10]/div/div/div[2]/div/a,A,Good Morning America,40,113,1944,294
13, yt-uix-sessionlink      spf-link ,ol#item-section-526903 > li > div > div > div:nth-of-type(2) > div > ul > li:nth-of-type(11) > div > div > div > a,0,1:04,0,1:04,A,/html/body/div[2]/div[4]/div/div[5]/div/div/div/div/div/div[2]/div/div/ol/li/ol/li/div/div/div[2]/div/ul/li[11]/div/div/div/a,A,1:04,41,196,2150,193
17, yt-ui-ellipsis yt-ui-ellipsis-2 yt-uix-sessionlink      spf-link ,ol#item-section-526903 > li > div > div > div:nth-of-type(2) > div > ul > li:nth-of-type(11) > div > div > div:nth-of-type(2) > h3 > a,0,Fortnite - Season X - Story Trailer,0,Fortnite -,A,/html/body/div[2]/div[4]/div/div[5]/div/div/div/div/div/div[2]/div/div/ol/li/ol/li/div/div/div[2]/div/ul/li[11]/div/div/div[2]/h3/a,A,Fortnite - Season X - Story Trailer,42,196,2150,259
13,yt-uix-sessionlink       spf-link ,ol#item-section-526903 > li > div > div > div:nth-of-type(2) > div > ul > li:nth-of-type(11) > div > div > div:nth-of-type(2) > div > a,0,Fortnite,0,Fortnite,A,/html/body/div[2]/div[4]/div/div[5]/div/div/div/div/div/div[2]/div/div/ol/li/ol/li/div/div/div[2]/div/ul/li[11]/div/div/div[2]/div/a,A,Fortnite,43,38,2150,277
13, yt-uix-sessionlink      spf-link ,ol#item-section-526903 > li > div > div > div:nth-of-type(2) > div > ul > li:nth-of-type(12) > div > div > div > a,0,7:00,0,7:00,A,/html/body/div[2]/div[4]/div/div[5]/div/div/div/div/div/div[2]/div/div/ol/li/ol/li/div/div/div[2]/div/ul/li[12]/div/div/div/a,A,7:00,44,196,2356,193
34, yt-ui-ellipsis yt-ui-ellipsis-2 yt-uix-sessionlink      spf-link ,ol#item-section-526903 > li > div > div > div:nth-of-type(2) > div > ul > li:nth-of-type(12) > div > div > div:nth-of-type(2) > h3 > a,0,Queer Eye's Fab Five's Most Embarrassing Hair and Fashion Mistakes,0,Queer Eye',A,/html/body/div[2]/div[4]/div/div[5]/div/div/div/div/div/div[2]/div/div/ol/li/ol/li/div/div/div[2]/div/ul/li[12]/div/div/div[2]/h3/a,A,Queer Eye's Fab Five's Most Embarrassing Hair and Fashion Mistakes,45,196,2356,259
27,yt-uix-sessionlink       spf-link ,ol#item-section-526903 > li > div > div > div:nth-of-type(2) > div > ul > li:nth-of-type(12) > div > div > div:nth-of-type(2) > div > a,0,The Tonight Show Starring Jimmy Fallon,0,The Tonigh,A,/html/body/div[2]/div[4]/div/div[5]/div/div/div/div/div/div[2]/div/div/ol/li/ol/li/div/div/div[2]/div/ul/li[12]/div/div/div[2]/div/a,A,The Tonight Show Starring Jimmy Fallon,46,165,2356,294
13, yt-uix-sessionlink      spf-link ,ol#item-section-526903 > li > div > div > div:nth-of-type(2) > div > ul > li:nth-of-type(13) > div > div > div > a,0,2:13,0,2:13,A,/html/body/div[2]/div[4]/div/div[5]/div/div/div/div/div/div[2]/div/div/ol/li/ol/li/div/div/div[2]/div/ul/li[13]/div/div/div/a,A,2:13,47,196,2562,193
17, yt-ui-ellipsis yt-ui-ellipsis-2 yt-uix-sessionlink      spf-link ,ol#item-section-526903 > li > div > div > div:nth-of-type(2) > div > ul > li:nth-of-type(13) > div > div > div:nth-of-type(2) > h3 > a,0,The Irishman | Official Teaser,0,The Irishm,A,/html/body/div[2]/div[4]/div/div[5]/div/div/div/div/div/div[2]/div/div/ol/li/ol/li/div/div/div[2]/div/ul/li[13]/div/div/div[2]/h3/a,A,The Irishman | Official Teaser,48,196,2562,259
13,yt-uix-sessionlink       spf-link ,ol#item-section-526903 > li > div > div > div:nth-of-type(2) > div > ul > li:nth-of-type(13) > div > div > div:nth-of-type(2) > div > a,0,Netflix,0,Netflix,A,/html/body/div[2]/div[4]/div/div[5]/div/div/div/div/div/div[2]/div/div/ol/li/ol/li/div/div/div[2]/div/ul/li[13]/div/div/div[2]/div/a,A,Netflix,49,32,2562,277
13, yt-uix-sessionlink      spf-link ,ol#item-section-526903 > li > div > div > div:nth-of-type(2) > div > ul > li:nth-of-type(14) > div > div > div > a,0,6:12,0,6:12,A,/html/body/div[2]/div[4]/div/div[5]/div/div/div/div/div/div[2]/div/div/ol/li/ol/li/div/div/div[2]/div/ul/li[14]/div/div/div/a,A,6:12,50,196,2768,193
34, yt-ui-ellipsis yt-ui-ellipsis-2 yt-uix-sessionlink      spf-link ,ol#item-section-526903 > li > div > div > div:nth-of-type(2) > div > ul > li:nth-of-type(14) > div > div > div:nth-of-type(2) > h3 > a,0,Big Sean - Single Again (Official Video),0,Big Sean -,A,/html/body/div[2]/div[4]/div/div[5]/div/div/div/div/div/div[2]/div/div/ol/li/ol/li/div/div/div[2]/div/ul/li[14]/div/div/div[2]/h3/a,A,Big Sean - Single Again (Official Video),51,196,2768,259
13,yt-uix-sessionlink       spf-link ,ol#item-section-526903 > li > div > div > div:nth-of-type(2) > div > ul > li:nth-of-type(14) > div > div > div:nth-of-type(2) > div > a,0,Big Sean,0,Big Sean,A,/html/body/div[2]/div[4]/div/div[5]/div/div/div/div/div/div[2]/div/div/ol/li/ol/li/div/div/div[2]/div/ul/li[14]/div/div/div[2]/div/a,A,Big Sean,52,43,2768,294
13, yt-uix-sessionlink      spf-link ,ol#item-section-526903 > li > div > div > div:nth-of-type(2) > div > ul > li:nth-of-type(15) > div > div > div > a,0,12:12,0,12:12,A,/html/body/div[2]/div[4]/div/div[5]/div/div/div/div/div/div[2]/div/div/ol/li/ol/li/div/div/div[2]/div/ul/li[15]/div/div/div/a,A,12:12,53,196,2974,193
34, yt-ui-ellipsis yt-ui-ellipsis-2 yt-uix-sessionlink      spf-link ,ol#item-section-526903 > li > div > div > div:nth-of-type(2) > div > ul > li:nth-of-type(15) > div > div > div:nth-of-type(2) > h3 > a,0,World Record Nachoooo!?! (Feat. Tenacious D),0,World Reco,A,/html/body/div[2]/div[4]/div/div[5]/div/div/div/div/div/div[2]/div/div/ol/li/ol/li/div/div/div[2]/div/ul/li[15]/div/div/div[2]/h3/a,A,World Record Nachoooo!?! (Feat. Tenacious D),54,196,2974,259
13,yt-uix-sessionlink       spf-link ,ol#item-section-526903 > li > div > div > div:nth-of-type(2) > div > ul > li:nth-of-type(15) > div > div > div:nth-of-type(2) > div > a,0,JablinskiGames,0,JablinskiG,A,/html/body/div[2]/div[4]/div/div[5]/div/div/div/div/div/div[2]/div/div/ol/li/ol/li/div/div/div[2]/div/ul/li[15]/div/div/div[2]/div/a,A,JablinskiGames,55,78,2974,294
60,yt-uix-button yt-uix-button-size-default yt-uix-button-shelf-slider-pager yt-uix-shelfslider-next,ol#item-section-526903 > li > div > div > div:nth-of-type(2) > button:nth-of-type(2),0,,0,,BUTTON,/html/body/div[2]/div[4]/div/div[5]/div/div/div/div/div/div[2]/div/div/ol/li/ol/li/div/div/div[2]/button[2],BUTTON,,56,15,1110,181
18,branded-page-module-title-link yt-uix-sessionlink      spf-link ,ol#item-section-436011 > li > div > div > div > div > h2 > a,0,Cartoons - Topic,0,Cartoons -,A,/html/body/div[2]/div[4]/div/div[5]/div/div/div/div/div/div[2]/div/div/ol/li[2]/ol/li/div/div/div/div/h2/a,A,Cartoons - Topic,57,138,90,368
18,yt-uix-button  shelves-play play-all-icon-btn yt-uix-sessionlink yt-uix-sessionlink yt-uix-button-default yt-uix-button-size-small yt-uix-button-has-icon no-icon-markup,ol#item-section-436011 > li > div > div > div > div > h2 > a:nth-of-type(2),0,Play all,0,Play all,A,/html/body/div[2]/div[4]/div/div[5]/div/div/div/div/div/div[2]/div/div/ol/li[2]/ol/li/div/div/div/div/h2/a[2],A,Play all,58,79,356,370
13, yt-uix-sessionlink      spf-link ,ol#item-section-436011 > li > div > div > div:nth-of-type(2) > div > ul > li > div > div > div > a,0,4:22,0,4:22,A,/html/body/div[2]/div[4]/div/div[5]/div/div/div/div/div/div[2]/div/div/ol/li[2]/ol/li/div/div/div[2]/div/ul/li/div/div/div/a,A,4:22,59,196,90,446
34, yt-ui-ellipsis yt-ui-ellipsis-2 yt-uix-sessionlink      spf-link ,ol#item-section-436011 > li > div > div > div:nth-of-type(2) > div > ul > li > div > div > div:nth-of-type(2) > h3 > a,0,JACKIE CHAN Talks About One of His Most Insane Stunts,0,JACKIE CHA,A,/html/body/div[2]/div[4]/div/div[5]/div/div/div/div/div/div[2]/div/div/ol/li[2]/ol/li/div/div/div[2]/div/ul/li/div/div/div[2]/h3/a,A,JACKIE CHAN Talks About One of His Most Insane Stunts,60,196,90,512
13,yt-uix-sessionlink       spf-link ,ol#item-section-436011 > li > div > div > div:nth-of-type(2) > div > ul > li > div > div > div:nth-of-type(2) > div > a,0,IGN,0,IGN,A,/html/body/div[2]/div[4]/div/div[5]/div/div/div/div/div/div[2]/div/div/ol/li[2]/ol/li/div/div/div[2]/div/ul/li/div/div/div[2]/div/a,A,IGN,61,18,90,547
13, yt-uix-sessionlink      spf-link ,ol#item-section-436011 > li > div > div > div:nth-of-type(2) > div > ul > li:nth-of-type(2) > div > div > div > a,0,37:22,0,37:22,A,/html/body/div[2]/div[4]/div/div[5]/div/div/div/div/div/div[2]/div/div/ol/li[2]/ol/li/div/div/div[2]/div/ul/li[2]/div/div/div/a,A,37:22,62,196,296,446
34, yt-ui-ellipsis yt-ui-ellipsis-2 yt-uix-sessionlink      spf-link ,ol#item-section-436011 > li > div > div > div:nth-of-type(2) > div > ul > li:nth-of-type(2) > div > div > div:nth-of-type(2) > h3 > a,0,Funny Face Song + More Nursery Rhymes & Kids Songs - CoCoMelon,0,Funny Face,A,/html/body/div[2]/div[4]/div/div[5]/div/div/div/div/div/div[2]/div/div/ol/li[2]/ol/li/div/div/div[2]/div/ul/li[2]/div/div/div[2]/h3/a,A,Funny Face Song + More Nursery Rhymes & Kids Songs - CoCoMelon,63,196,296,512
13,yt-uix-sessionlink       spf-link ,ol#item-section-436011 > li > div > div > div:nth-of-type(2) > div > ul > li:nth-of-type(2) > div > div > div:nth-of-type(2) > div > a,0,Cocomelon - Nursery Rhymes,0,Cocomelon ,A,/html/body/div[2]/div[4]/div/div[5]/div/div/div/div/div/div[2]/div/div/ol/li[2]/ol/li/div/div/div[2]/div/ul/li[2]/div/div/div[2]/div/a,A,Cocomelon - Nursery Rhymes,64,144,296,547
13, yt-uix-sessionlink      spf-link ,ol#item-section-436011 > li > div > div > div:nth-of-type(2) > div > ul > li:nth-of-type(3) > div > div > div > a,0,35:44,0,35:44,A,/html/body/div[2]/div[4]/div/div[5]/div/div/div/div/div/div[2]/div/div/ol/li[2]/ol/li/div/div/div[2]/div/ul/li[3]/div/div/div/a,A,35:44,65,196,502,446
34, yt-ui-ellipsis yt-ui-ellipsis-2 yt-uix-sessionlink      spf-link ,ol#item-section-436011 > li > div > div > div:nth-of-type(2) > div > ul > li:nth-of-type(3) > div > div > div:nth-of-type(2) > h3 > a,0,ABC Song + More Nursery Rhymes & Kids Songs - CoCoMelon,0,ABC Song +,A,/html/body/div[2]/div[4]/div/div[5]/div/div/div/div/div/div[2]/div/div/ol/li[2]/ol/li/div/div/div[2]/div/ul/li[3]/div/div/div[2]/h3/a,A,ABC Song + More Nursery Rhymes & Kids Songs - CoCoMelon,66,196,502,512
13,yt-uix-sessionlink       spf-link ,ol#item-section-436011 > li > div > div > div:nth-of-type(2) > div > ul > li:nth-of-type(3) > div > div > div:nth-of-type(2) > div > a,0,Cocomelon - Nursery Rhymes,0,Cocomelon ,A,/html/body/div[2]/div[4]/div/div[5]/div/div/div/div/div/div[2]/div/div/ol/li[2]/ol/li/div/div/div[2]/div/ul/li[3]/div/div/div[2]/div/a,A,Cocomelon - Nursery Rhymes,67,144,502,547
13, yt-uix-sessionlink      spf-link ,ol#item-section-436011 > li > div > div > div:nth-of-type(2) > div > ul > li:nth-of-type(4) > div > div > div > a,0,4:26:57,0,4:26:57,A,/html/body/div[2]/div[4]/div/div[5]/div/div/div/div/div/div[2]/div/div/ol/li[2]/ol/li/div/div/div[2]/div/ul/li[4]/div/div/div/a,A,4:26:57,68,196,708,446
34, yt-ui-ellipsis yt-ui-ellipsis-2 yt-uix-sessionlink      spf-link ,ol#item-section-436011 > li > div > div > div:nth-of-type(2) > div > ul > li:nth-of-type(4) > div > div > div:nth-of-type(2) > h3 > a,0,"LOONEY TUNES (4 Hours Collection):  Daffy Duck, Porky Pig and more! (For Children) (Ultra HD 4K)",0,LOONEY TUN,A,/html/body/div[2]/div[4]/div/div[5]/div/div/div/div/div/div[2]/div/div/ol/li[2]/ol/li/div/div/div[2]/div/ul/li[4]/div/div/div[2]/h3/a,A,"LOONEY TUNES (4 Hours Collection):  Daffy Duck, Porky Pig and more! (For Children) (Ultra HD 4K)",69,196,708,512
13,yt-uix-sessionlink       spf-link ,ol#item-section-436011 > li > div > div > div:nth-of-type(2) > div > ul > li:nth-of-type(4) > div > div > div:nth-of-type(2) > div > a,0,8thManDVD.com™ Cartoon Channel,0,8thManDVD.,A,/html/body/div[2]/div[4]/div/div[5]/div/div/div/div/div/div[2]/div/div/ol/li[2]/ol/li/div/div/div[2]/div/ul/li[4]/div/div/div[2]/div/a,A,8thManDVD.com™ Cartoon Channel,70,178,708,547
13, yt-uix-sessionlink      spf-link ,ol#item-section-436011 > li > div > div > div:nth-of-type(2) > div > ul > li:nth-of-type(5) > div > div > div > a,0,12:08,0,12:08,A,/html/body/div[2]/div[4]/div/div[5]/div/div/div/div/div/div[2]/div/div/ol/li[2]/ol/li/div/div/div[2]/div/ul/li[5]/div/div/div/a,A,12:08,71,196,914,446
34, yt-ui-ellipsis yt-ui-ellipsis-2 yt-uix-sessionlink      spf-link ,ol#item-section-436011 > li > div > div > div:nth-of-type(2) > div > ul > li:nth-of-type(5) > div > div > div:nth-of-type(2) > h3 > a,0,Sasha play with New Hello Kitty Bus and sing a Song,0,Sasha play,A,/html/body/div[2]/div[4]/div/div[5]/div/div/div/div/div/div[2]/div/div/ol/li[2]/ol/li/div/div/div[2]/div/ul/li[5]/div/div/div[2]/h3/a,A,Sasha play with New Hello Kitty Bus and sing a Song,72,196,914,512
13,yt-uix-sessionlink       spf-link ,ol#item-section-436011 > li > div > div > div:nth-of-type(2) > div > ul > li:nth-of-type(5) > div > div > div:nth-of-type(2) > div > a,0,Smile Toys Review,0,Smile Toys,A,/html/body/div[2]/div[4]/div/div[5]/div/div/div/div/div/div[2]/div/div/ol/li[2]/ol/li/div/div/div[2]/div/ul/li[5]/div/div/div[2]/div/a,A,Smile Toys Review,73,90,914,547
13, yt-uix-sessionlink      spf-link ,ol#item-section-436011 > li > div > div > div:nth-of-type(2) > div > ul > li:nth-of-type(6) > div > div > div > a,0,1:06:05,0,1:06:05,A,/html/body/div[2]/div[4]/div/div[5]/div/div/div/div/div/div[2]/div/div/ol/li[2]/ol/li/div/div/div[2]/div/ul/li[6]/div/div/div/a,A,1:06:05,74,196,1120,446
34, yt-ui-ellipsis yt-ui-ellipsis-2 yt-uix-sessionlink      spf-link ,ol#item-section-436011 > li > div > div > div:nth-of-type(2) > div > ul > li:nth-of-type(6) > div > div > div:nth-of-type(2) > h3 > a,0,Johny Johny Yes Papa and Many More Videos | Popular Nursery Rhymes Collection by ChuChu TV,0,Johny John,A,/html/body/div[2]/div[4]/div/div[5]/div/div/div/div/div/div[2]/div/div/ol/li[2]/ol/li/div/div/div[2]/div/ul/li[6]/div/div/div[2]/h3/a,A,Johny Johny Yes Papa and Many More Videos | Popular Nursery Rhymes Collection by ChuChu TV,75,196,1120,556
27,yt-uix-sessionlink       spf-link ,ol#item-section-436011 > li > div > div > div:nth-of-type(2) > div > ul > li:nth-of-type(6) > div > div > div:nth-of-type(2) > div > a,0,ChuChu TV Nursery Rhymes & Kids Songs,0,ChuChu TV ,A,/html/body/div[2]/div[4]/div/div[5]/div/div/div/div/div/div[2]/div/div/ol/li[2]/ol/li/div/div/div[2]/div/ul/li[6]/div/div/div[2]/div/a,A,ChuChu TV Nursery Rhymes & Kids Songs,76,171,1120,591
60,yt-uix-button yt-uix-button-size-default yt-uix-button-shelf-slider-pager yt-uix-shelfslider-next,ol#item-section-436011 > li > div > div > div:nth-of-type(2) > button:nth-of-type(2),0,,0,,BUTTON,/html/body/div[2]/div[4]/div/div[5]/div/div/div/div/div/div[2]/div/div/ol/li[2]/ol/li/div/div/div[2]/button[2],BUTTON,,77,15,1110,456
18,branded-page-module-title-link yt-uix-sessionlink      spf-link ,ol#item-section-494772 > li > div > div > div > div > h2 > a,0,Hornet King,0,Hornet Kin,A,/html/body/div[2]/div[4]/div/div[5]/div/div/div/div/div/div[2]/div/div/ol/li[3]/ol/li/div/div/div/div/h2/a,A,Hornet King,78,108,90,665
18,yt-uix-button  shelves-play play-all-icon-btn yt-uix-sessionlink yt-uix-sessionlink yt-uix-button-default yt-uix-button-size-small yt-uix-button-has-icon no-icon-markup,ol#item-section-494772 > li > div > div > div > div > h2 > a:nth-of-type(2),0,Play all,0,Play all,A,/html/body/div[2]/div[4]/div/div[5]/div/div/div/div/div/div[2]/div/div/ol/li[3]/ol/li/div/div/div/div/h2/a[2],A,Play all,79,79,333,667
14, yt-uix-sessionlink      spf-link ,ol#item-section-494772 > li > div > div > div:nth-of-type(2) > ul > li > div > div > div > div > a,0,17:33,0,17:33,A,/html/body/div[2]/div[4]/div/div[5]/div/div/div/div/div/div[2]/div/div/ol/li[3]/ol/li/div/div/div[2]/ul/li/div/div/div/div/a,A,17:33,80,196,90,742
18,yt-uix-tile-link yt-ui-ellipsis yt-ui-ellipsis-2 yt-uix-sessionlink      spf-link ,ol#item-section-494772 > li > div > div > div:nth-of-type(2) > ul > li > div > div > div > div:nth-of-type(2) > h3 > a,0,Yellow Jacket Ground Nest Removal Wasp Sting,0,Yellow Jac,A,/html/body/div[2]/div[4]/div/div[5]/div/div/div/div/div/div[2]/div/div/ol/li[3]/ol/li/div/div/div[2]/ul/li/div/div/div/div[2]/h3/a,A,Yellow Jacket Ground Nest Removal Wasp Sting,81,499,296,695
14,yt-uix-sessionlink       spf-link ,ol#item-section-494772 > li > div > div > div:nth-of-type(2) > ul > li > div > div > div > div:nth-of-type(2) > div > a,0,Hornet King,0,Hornet Kin,A,/html/body/div[2]/div[4]/div/div[5]/div/div/div/div/div/div[2]/div/div/ol/li[3]/ol/li/div/div/div[2]/ul/li/div/div/div/div[2]/div/a,A,Hornet King,82,63,296,715
18,branded-page-module-title-link yt-uix-sessionlink      spf-link ,ol#item-section-135111 > li > div > div > div > div > h2 > a,0,Today's Funniest Clips,0,Today's Fu,A,/html/body/div[2]/div[4]/div/div[5]/div/div/div/div/div/div[2]/div/div/ol/li[4]/ol/li/div/div/div/div/h2/a,A,Today's Funniest Clips,83,177,90,836
14, yt-uix-sessionlink      spf-link ,ol#item-section-135111 > li > div > div > div > div > h2 > span > b > a,0,Popular on YouTube,0,Popular on,A,/html/body/div[2]/div[4]/div/div[5]/div/div/div/div/div/div[2]/div/div/ol/li[4]/ol/li/div/div/div/div/h2/span/b/a,A,Popular on YouTube,84,108,286,840
18,yt-uix-button  shelves-play play-all-icon-btn yt-uix-sessionlink yt-uix-sessionlink yt-uix-button-default yt-uix-button-size-small yt-uix-button-has-icon no-icon-markup,ol#item-section-135111 > li > div > div > div > div > h2 > a:nth-of-type(2),0,Play all,0,Play all,A,/html/body/div[2]/div[4]/div/div[5]/div/div/div/div/div/div[2]/div/div/ol/li[4]/ol/li/div/div/div/div/h2/a[2],A,Play all,85,79,400,838
13, yt-uix-sessionlink      spf-link ,ol#item-section-135111 > li > div > div > div:nth-of-type(3) > div > ul > li > div > div > div > a,0,3:06,0,3:06,A,/html/body/div[2]/div[4]/div/div[5]/div/div/div/div/div/div[2]/div/div/ol/li[4]/ol/li/div/div/div[3]/div/ul/li/div/div/div/a,A,3:06,86,196,90,941
34, yt-ui-ellipsis yt-ui-ellipsis-2 yt-uix-sessionlink      spf-link ,ol#item-section-135111 > li > div > div > div:nth-of-type(3) > div > ul > li > div > div > div:nth-of-type(2) > h3 > a,0,Nobody Wants to Help You Move - Key & Peele,0,Nobody Wan,A,/html/body/div[2]/div[4]/div/div[5]/div/div/div/div/div/div[2]/div/div/ol/li[4]/ol/li/div/div/div[3]/div/ul/li/div/div/div[2]/h3/a,A,Nobody Wants to Help You Move - Key & Peele,87,196,90,1007
13,yt-uix-sessionlink       spf-link ,ol#item-section-135111 > li > div > div > div:nth-of-type(3) > div > ul > li > div > div > div:nth-of-type(2) > div > a,0,Key & Peele,0,Key & Peel,A,/html/body/div[2]/div[4]/div/div[5]/div/div/div/div/div/div[2]/div/div/ol/li[4]/ol/li/div/div/div[3]/div/ul/li/div/div/div[2]/div/a,A,Key & Peele,88,57,90,1043
13, yt-uix-sessionlink      spf-link ,ol#item-section-135111 > li > div > div > div:nth-of-type(3) > div > ul > li:nth-of-type(2) > div > div > div > a,0,6:04,0,6:04,A,/html/body/div[2]/div[4]/div/div[5]/div/div/div/div/div/div[2]/div/div/ol/li[4]/ol/li/div/div/div[3]/div/ul/li[2]/div/div/div/a,A,6:04,89,196,296,941
34, yt-ui-ellipsis yt-ui-ellipsis-2 yt-uix-sessionlink      spf-link ,ol#item-section-135111 > li > div > div > div:nth-of-type(3) > div > ul > li:nth-of-type(2) > div > div > div:nth-of-type(2) > h3 > a,0,"Worst Movie Night | Juanpa Zurita, Hannah Stocking & Twan Kuyper",0,Worst Movi,A,/html/body/div[2]/div[4]/div/div[5]/div/div/div/div/div/div[2]/div/div/ol/li[4]/ol/li/div/div/div[3]/div/ul/li[2]/div/div/div[2]/h3/a,A,"Worst Movie Night | Juanpa Zurita, Hannah Stocking & Twan Kuyper",90,196,296,1007
13,yt-uix-sessionlink       spf-link ,ol#item-section-135111 > li > div > div > div:nth-of-type(3) > div > ul > li:nth-of-type(2) > div > div > div:nth-of-type(2) > div > a,0,Juanpa Zurita,0,Juanpa Zur,A,/html/body/div[2]/div[4]/div/div[5]/div/div/div/div/div/div[2]/div/div/ol/li[4]/ol/li/div/div/div[3]/div/ul/li[2]/div/div/div[2]/div/a,A,Juanpa Zurita,91,68,296,1043
13, yt-uix-sessionlink      spf-link ,ol#item-section-135111 > li > div > div > div:nth-of-type(3) > div > ul > li:nth-of-type(3) > div > div > div > a,0,6:40,0,6:40,A,/html/body/div[2]/div[4]/div/div[5]/div/div/div/div/div/div[2]/div/div/ol/li[4]/ol/li/div/div/div[3]/div/ul/li[3]/div/div/div/a,A,6:40,92,196,502,941
17, yt-ui-ellipsis yt-ui-ellipsis-2 yt-uix-sessionlink      spf-link ,ol#item-section-135111 > li > div > div > div:nth-of-type(3) > div > ul > li:nth-of-type(3) > div > div > div:nth-of-type(2) > h3 > a,0,EVERY ROAD TRIP EVER,0,EVERY ROAD,A,/html/body/div[2]/div[4]/div/div[5]/div/div/div/div/div/div[2]/div/div/ol/li[4]/ol/li/div/div/div[3]/div/ul/li[3]/div/div/div[2]/h3/a,A,EVERY ROAD TRIP EVER,93,196,502,1007
13,yt-uix-sessionlink       spf-link ,ol#item-section-135111 > li > div > div > div:nth-of-type(3) > div > ul > li:nth-of-type(3) > div > div > div:nth-of-type(2) > div > a,0,Smosh,0,Smosh,A,/html/body/div[2]/div[4]/div/div[5]/div/div/div/div/div/div[2]/div/div/ol/li[4]/ol/li/div/div/div[3]/div/ul/li[3]/div/div/div[2]/div/a,A,Smosh,94,34,502,1026
13, yt-uix-sessionlink      spf-link ,ol#item-section-135111 > li > div > div > div:nth-of-type(3) > div > ul > li:nth-of-type(4) > div > div > div > a,0,3:21,0,3:21,A,/html/body/div[2]/div[4]/div/div[5]/div/div/div/div/div/div[2]/div/div/ol/li[4]/ol/li/div/div/div[3]/div/ul/li[4]/div/div/div/a,A,3:21,95,196,708,941
34, yt-ui-ellipsis yt-ui-ellipsis-2 yt-uix-sessionlink      spf-link ,ol#item-section-135111 > li > div > div > div:nth-of-type(3) > div > ul > li:nth-of-type(4) > div > div > div:nth-of-type(2) > h3 > a,0,She Doesn't Like You! | Anwar Jibawi & King Bach,0,She Doesn',A,/html/body/div[2]/div[4]/div/div[5]/div/div/div/div/div/div[2]/div/div/ol/li[4]/ol/li/div/div/div[3]/div/ul/li[4]/div/div/div[2]/h3/a,A,She Doesn't Like You! | Anwar Jibawi & King Bach,96,196,708,1007
13,yt-uix-sessionlink       spf-link ,ol#item-section-135111 > li > div > div > div:nth-of-type(3) > div > ul > li:nth-of-type(4) > div > div > div:nth-of-type(2) > div > a,0,Anwar Jibawi,0,Anwar Jiba,A,/html/body/div[2]/div[4]/div/div[5]/div/div/div/div/div/div[2]/div/div/ol/li[4]/ol/li/div/div/div[3]/div/ul/li[4]/div/div/div[2]/div/a,A,Anwar Jibawi,97,66,708,1043
13, yt-uix-sessionlink      spf-link ,ol#item-section-135111 > li > div > div > div:nth-of-type(3) > div > ul > li:nth-of-type(5) > div > div > div > a,0,9:03,0,9:03,A,/html/body/div[2]/div[4]/div/div[5]/div/div/div/div/div/div[2]/div/div/ol/li[4]/ol/li/div/div/div[3]/div/ul/li[5]/div/div/div/a,A,9:03,98,196,914,941
17, yt-ui-ellipsis yt-ui-ellipsis-2 yt-uix-sessionlink      spf-link ,ol#item-section-135111 > li > div > div > div:nth-of-type(3) > div > ul > li:nth-of-type(5) > div > div > div:nth-of-type(2) > h3 > a,0,Movie Sequels,0,Movie Sequ,A,/html/body/div[2]/div[4]/div/div[5]/div/div/div/div/div/div[2]/div/div/ol/li[4]/ol/li/div/div/div[3]/div/ul/li[5]/div/div/div[2]/h3/a,A,Movie Sequels,99,196,914,1007
13,yt-uix-sessionlink       spf-link ,ol#item-section-135111 > li > div > div > div:nth-of-type(3) > div > ul > li:nth-of-type(5) > div > div > div:nth-of-type(2) > div > a,0,TheOdd1sOut,0,TheOdd1sOu,A,/html/body/div[2]/div[4]/div/div[5]/div/div/div/div/div/div[2]/div/div/ol/li[4]/ol/li/div/div/div[3]/div/ul/li[5]/div/div/div[2]/div/a,A,TheOdd1sOut,100,67,914,1026
13, yt-uix-sessionlink      spf-link ,ol#item-section-135111 > li > div > div > div:nth-of-type(3) > div > ul > li:nth-of-type(6) > div > div > div > a,0,0:13,0,0:13,A,/html/body/div[2]/div[4]/div/div[5]/div/div/div/div/div/div[2]/div/div/ol/li[4]/ol/li/div/div/div[3]/div/ul/li[6]/div/div/div/a,A,0:13,101,196,1120,941
17, yt-ui-ellipsis yt-ui-ellipsis-2 yt-uix-sessionlink      spf-link ,ol#item-section-135111 > li > div > div > div:nth-of-type(3) > div > ul > li:nth-of-type(6) > div > div > div:nth-of-type(2) > h3 > a,0,doctor,0,doctor,A,/html/body/div[2]/div[4]/div/div[5]/div/div/div/div/div/div[2]/div/div/ol/li[4]/ol/li/div/div/div[3]/div/ul/li[6]/div/div/div[2]/h3/a,A,doctor,102,196,1120,1007
13,yt-uix-sessionlink       spf-link ,ol#item-section-135111 > li > div > div > div:nth-of-type(3) > div > ul > li:nth-of-type(6) > div > div > div:nth-of-type(2) > div > a,0,Berd,0,Berd,A,/html/body/div[2]/div[4]/div/div[5]/div/div/div/div/div/div[2]/div/div/ol/li[4]/ol/li/div/div/div[3]/div/ul/li[6]/div/div/div[2]/div/a,A,Berd,103,23,1120,1026
13, yt-uix-sessionlink      spf-link ,ol#item-section-135111 > li > div > div > div:nth-of-type(3) > div > ul > li:nth-of-type(7) > div > div > div > a,0,18:44,0,18:44,A,/html/body/div[2]/div[4]/div/div[5]/div/div/div/div/div/div[2]/div/div/ol/li[4]/ol/li/div/div/div[3]/div/ul/li[7]/div/div/div/a,A,18:44,104,196,1326,941
34, yt-ui-ellipsis yt-ui-ellipsis-2 yt-uix-sessionlink      spf-link ,ol#item-section-135111 > li > div > div > div:nth-of-type(3) > div > ul > li:nth-of-type(7) > div > div > div:nth-of-type(2) > h3 > a,0,Has Noah Centineo ever been in a good movie?,0,Has Noah C,A,/html/body/div[2]/div[4]/div/div[5]/div/div/div/div/div/div[2]/div/div/ol/li[4]/ol/li/div/div/div[3]/div/ul/li[7]/div/div/div[2]/h3/a,A,Has Noah Centineo ever been in a good movie?,105,196,1326,1007
13,yt-uix-sessionlink       spf-link ,ol#item-section-135111 > li > div > div > div:nth-of-type(3) > div > ul > li:nth-of-type(7) > div > div > div:nth-of-type(2) > div > a,0,Drew Gooden,0,Drew Goode,A,/html/body/div[2]/div[4]/div/div[5]/div/div/div/div/div/div[2]/div/div/ol/li[4]/ol/li/div/div/div[3]/div/ul/li[7]/div/div/div[2]/div/a,A,Drew Gooden,106,66,1326,1043
13, yt-uix-sessionlink      spf-link ,ol#item-section-135111 > li > div > div > div:nth-of-type(3) > div > ul > li:nth-of-type(8) > div > div > div > a,0,2:05,0,2:05,A,/html/body/div[2]/div[4]/div/div[5]/div/div/div/div/div/div[2]/div/div/ol/li[4]/ol/li/div/div/div[3]/div/ul/li[8]/div/div/div/a,A,2:05,107,196,1532,941
17, yt-ui-ellipsis yt-ui-ellipsis-2 yt-uix-sessionlink      spf-link ,ol#item-section-135111 > li > div > div > div:nth-of-type(3) > div > ul > li:nth-of-type(8) > div > div > div:nth-of-type(2) > h3 > a,0,"UPDATE: We won, Mr. Stark",0,UPDATE: We,A,/html/body/div[2]/div[4]/div/div[5]/div/div/div/div/div/div[2]/div/div/ol/li[4]/ol/li/div/div/div[3]/div/ul/li[8]/div/div/div[2]/h3/a,A,"UPDATE: We won, Mr. Stark",108,196,1532,1007
13,yt-uix-sessionlink       spf-link ,ol#item-section-135111 > li > div > div > div:nth-of-type(3) > div > ul > li:nth-of-type(8) > div > div > div:nth-of-type(2) > div > a,0,jacksfilms,0,jacksfilms,A,/html/body/div[2]/div[4]/div/div[5]/div/div/div/div/div/div[2]/div/div/ol/li[4]/ol/li/div/div/div[3]/div/ul/li[8]/div/div/div[2]/div/a,A,jacksfilms,109,50,1532,1026
60,yt-uix-button yt-uix-button-size-default yt-uix-button-shelf-slider-pager yt-uix-shelfslider-next,ol#item-section-135111 > li > div > div > div:nth-of-type(3) > button:nth-of-type(2),0,,0,,BUTTON,/html/body/div[2]/div[4]/div/div[5]/div/div/div/div/div/div[2]/div/div/ol/li[4]/ol/li/div/div/div[3]/button[2],BUTTON,,110,15,1110,922
18,branded-page-module-title-link yt-uix-sessionlink      spf-link ,ol#item-section-190418 > li > div > div > div > div > h2 > a,0,DIY - Topic,0,DIY - Topi,A,/html/body/div[2]/div[4]/div/div[5]/div/div/div/div/div/div[2]/div/div/ol/li[5]/ol/li/div/div/div/div/h2/a,A,DIY - Topic,111,100,90,1102
18,yt-uix-button  shelves-play play-all-icon-btn yt-uix-sessionlink yt-uix-sessionlink yt-uix-button-default yt-uix-button-size-small yt-uix-button-has-icon no-icon-markup,ol#item-section-190418 > li > div > div > div > div > h2 > a:nth-of-type(2),0,Play all,0,Play all,A,/html/body/div[2]/div[4]/div/div[5]/div/div/div/div/div/div[2]/div/div/ol/li[5]/ol/li/div/div/div/div/h2/a[2],A,Play all,112,79,317,1104
13, yt-uix-sessionlink      spf-link ,ol#item-section-190418 > li > div > div > div:nth-of-type(2) > div > ul > li > div > div > div > a,0,18:54,0,18:54,A,/html/body/div[2]/div[4]/div/div[5]/div/div/div/div/div/div[2]/div/div/ol/li[5]/ol/li/div/div/div[2]/div/ul/li/div/div/div/a,A,18:54,113,196,90,1180
34, yt-ui-ellipsis yt-ui-ellipsis-2 yt-uix-sessionlink      spf-link ,ol#item-section-190418 > li > div > div > div:nth-of-type(2) > div > ul > li > div > div > div:nth-of-type(2) > h3 > a,0,Knife Making - Dark Modern Tanto,0,Knife Maki,A,/html/body/div[2]/div[4]/div/div[5]/div/div/div/div/div/div[2]/div/div/ol/li[5]/ol/li/div/div/div[2]/div/ul/li/div/div/div[2]/h3/a,A,Knife Making - Dark Modern Tanto,114,196,90,1246
13,yt-uix-sessionlink       spf-link ,ol#item-section-190418 > li > div > div > div:nth-of-type(2) > div > ul > li > div > div > div:nth-of-type(2) > div > a,0,Koss,0,Koss,A,/html/body/div[2]/div[4]/div/div[5]/div/div/div/div/div/div[2]/div/div/ol/li[5]/ol/li/div/div/div[2]/div/ul/li/div/div/div[2]/div/a,A,Koss,115,24,90,1281
13, yt-uix-sessionlink      spf-link ,ol#item-section-190418 > li > div > div > div:nth-of-type(2) > div > ul > li:nth-of-type(2) > div > div > div > a,0,17:38,0,17:38,A,/html/body/div[2]/div[4]/div/div[5]/div/div/div/div/div/div[2]/div/div/ol/li[5]/ol/li/div/div/div[2]/div/ul/li[2]/div/div/div/a,A,17:38,116,196,296,1180
34, yt-ui-ellipsis yt-ui-ellipsis-2 yt-uix-sessionlink      spf-link ,ol#item-section-190418 > li > div > div > div:nth-of-type(2) > div > ul > li:nth-of-type(2) > div > div > div:nth-of-type(2) > h3 > a,0,25 EASY HAIR HACKS TO SPEED UP YOUR BEAUTY ROUTINE,0,25 EASY HA,A,/html/body/div[2]/div[4]/div/div[5]/div/div/div/div/div/div[2]/div/div/ol/li[5]/ol/li/div/div/div[2]/div/ul/li[2]/div/div/div[2]/h3/a,A,25 EASY HAIR HACKS TO SPEED UP YOUR BEAUTY ROUTINE,117,196,296,1246
13,yt-uix-sessionlink       spf-link ,ol#item-section-190418 > li > div > div > div:nth-of-type(2) > div > ul > li:nth-of-type(2) > div > div > div:nth-of-type(2) > div > a,0,5-Minute Crafts,0,5-Minute C,A,/html/body/div[2]/div[4]/div/div[5]/div/div/div/div/div/div[2]/div/div/ol/li[5]/ol/li/div/div/div[2]/div/ul/li[2]/div/div/div[2]/div/a,A,5-Minute Crafts,118,76,296,1281
13, yt-uix-sessionlink      spf-link ,ol#item-section-190418 > li > div > div > div:nth-of-type(2) > div > ul > li:nth-of-type(3) > div > div > div > a,0,15:14,0,15:14,A,/html/body/div[2]/div[4]/div/div[5]/div/div/div/div/div/div[2]/div/div/ol/li[5]/ol/li/div/div/div[2]/div/ul/li[3]/div/div/div/a,A,15:14,119,196,502,1180
34, yt-ui-ellipsis yt-ui-ellipsis-2 yt-uix-sessionlink      spf-link ,ol#item-section-190418 > li > div > div > div:nth-of-type(2) > div > ul > li:nth-of-type(3) > div > div > div:nth-of-type(2) > h3 > a,0,26 FANTASTIC HANDMADE GREETING CARDS || Paper Craft Ideas Under 5 Minutes,0,26 FANTAST,A,/html/body/div[2]/div[4]/div/div[5]/div/div/div/div/div/div[2]/div/div/ol/li[5]/ol/li/div/div/div[2]/div/ul/li[3]/div/div/div[2]/h3/a,A,26 FANTASTIC HANDMADE GREETING CARDS || Paper Craft Ideas Under 5 Minutes,120,196,502,1246
13,yt-uix-sessionlink       spf-link ,ol#item-section-190418 > li > div > div > div:nth-of-type(2) > div > ul > li:nth-of-type(3) > div > div > div:nth-of-type(2) > div > a,0,5-Minute Crafts,0,5-Minute C,A,/html/body/div[2]/div[4]/div/div[5]/div/div/div/div/div/div[2]/div/div/ol/li[5]/ol/li/div/div/div[2]/div/ul/li[3]/div/div/div[2]/div/a,A,5-Minute Crafts,121,76,502,1281
13, yt-uix-sessionlink      spf-link ,ol#item-section-190418 > li > div > div > div:nth-of-type(2) > div > ul > li:nth-of-type(4) > div > div > div > a,0,12:34,0,12:34,A,/html/body/div[2]/div[4]/div/div[5]/div/div/div/div/div/div[2]/div/div/ol/li[5]/ol/li/div/div/div[2]/div/ul/li[4]/div/div/div/a,A,12:34,122,196,708,1180
34, yt-ui-ellipsis yt-ui-ellipsis-2 yt-uix-sessionlink      spf-link ,ol#item-section-190418 > li > div > div > div:nth-of-type(2) > div > ul > li:nth-of-type(4) > div > div > div:nth-of-type(2) > h3 > a,0,FOOD IN COMMERCIALS VS. IN REAL LIFE,0,FOOD IN CO,A,/html/body/div[2]/div[4]/div/div[5]/div/div/div/div/div/div[2]/div/div/ol/li[5]/ol/li/div/div/div[2]/div/ul/li[4]/div/div/div[2]/h3/a,A,FOOD IN COMMERCIALS VS. IN REAL LIFE,123,196,708,1246
13,yt-uix-sessionlink       spf-link ,ol#item-section-190418 > li > div > div > div:nth-of-type(2) > div > ul > li:nth-of-type(4) > div > div > div:nth-of-type(2) > div > a,0,5-Minute Crafts VS,0,5-Minute C,A,/html/body/div[2]/div[4]/div/div[5]/div/div/div/div/div/div[2]/div/div/ol/li[5]/ol/li/div/div/div[2]/div/ul/li[4]/div/div/div[2]/div/a,A,5-Minute Crafts VS,124,92,708,1281
13, yt-uix-sessionlink      spf-link ,ol#item-section-190418 > li > div > div > div:nth-of-type(2) > div > ul > li:nth-of-type(5) > div > div > div > a,0,13:21,0,13:21,A,/html/body/div[2]/div[4]/div/div[5]/div/div/div/div/div/div[2]/div/div/ol/li[5]/ol/li/div/div/div[2]/div/ul/li[5]/div/div/div/a,A,13:21,125,196,914,1180
34, yt-ui-ellipsis yt-ui-ellipsis-2 yt-uix-sessionlink      spf-link ,ol#item-section-190418 > li > div > div > div:nth-of-type(2) > div > ul > li:nth-of-type(5) > div > div > div:nth-of-type(2) > h3 > a,0,23 IDEAS TO RECYCLE ANYTHING,0,23 IDEAS T,A,/html/body/div[2]/div[4]/div/div[5]/div/div/div/div/div/div[2]/div/div/ol/li[5]/ol/li/div/div/div[2]/div/ul/li[5]/div/div/div[2]/h3/a,A,23 IDEAS TO RECYCLE ANYTHING,126,196,914,1246
13,yt-uix-sessionlink       spf-link ,ol#item-section-190418 > li > div > div > div:nth-of-type(2) > div > ul > li:nth-of-type(5) > div > div > div:nth-of-type(2) > div > a,0,5-Minute Crafts,0,5-Minute C,A,/html/body/div[2]/div[4]/div/div[5]/div/div/div/div/div/div[2]/div/div/ol/li[5]/ol/li/div/div/div[2]/div/ul/li[5]/div/div/div[2]/div/a,A,5-Minute Crafts,127,76,914,1281
13, yt-uix-sessionlink      spf-link ,ol#item-section-190418 > li > div > div > div:nth-of-type(2) > div > ul > li:nth-of-type(6) > div > div > div > a,0,22:43,0,22:43,A,/html/body/div[2]/div[4]/div/div[5]/div/div/div/div/div/div[2]/div/div/ol/li[5]/ol/li/div/div/div[2]/div/ul/li[6]/div/div/div/a,A,22:43,128,196,1120,1180
17, yt-ui-ellipsis yt-ui-ellipsis-2 yt-uix-sessionlink      spf-link ,ol#item-section-190418 > li > div > div > div:nth-of-type(2) > div > ul > li:nth-of-type(6) > div > div > div:nth-of-type(2) > h3 > a,0,Turning Ikea items into pet DIYS,0,Turning Ik,A,/html/body/div[2]/div[4]/div/div[5]/div/div/div/div/div/div[2]/div/div/ol/li[5]/ol/li/div/div/div[2]/div/ul/li[6]/div/div/div[2]/h3/a,A,Turning Ikea items into pet DIYS,129,196,1120,1246
13,yt-uix-sessionlink       spf-link ,ol#item-section-190418 > li > div > div > div:nth-of-type(2) > div > ul > li:nth-of-type(6) > div > div > div:nth-of-type(2) > div > a,0,TheSorryGirls,0,TheSorryGi,A,/html/body/div[2]/div[4]/div/div[5]/div/div/div/div/div/div[2]/div/div/ol/li[5]/ol/li/div/div/div[2]/div/ul/li[6]/div/div/div[2]/div/a,A,TheSorryGirls,130,66,1120,1264
13, yt-uix-sessionlink      spf-link ,ol#item-section-190418 > li > div > div > div:nth-of-type(2) > div > ul > li:nth-of-type(7) > div > div > div > a,0,17:04,0,17:04,A,/html/body/div[2]/div[4]/div/div[5]/div/div/div/div/div/div[2]/div/div/ol/li[5]/ol/li/div/div/div[2]/div/ul/li[7]/div/div/div/a,A,17:04,131,196,1326,1180
34, yt-ui-ellipsis yt-ui-ellipsis-2 yt-uix-sessionlink      spf-link ,ol#item-section-190418 > li > div > div > div:nth-of-type(2) > div > ul > li:nth-of-type(7) > div > div > div:nth-of-type(2) > h3 > a,0,DIY How to Make Squishies from Scratch!,0,DIY How to,A,/html/body/div[2]/div[4]/div/div[5]/div/div/div/div/div/div[2]/div/div/ol/li[5]/ol/li/div/div/div[2]/div/ul/li[7]/div/div/div[2]/h3/a,A,DIY How to Make Squishies from Scratch!,132,196,1326,1246
13,yt-uix-sessionlink       spf-link ,ol#item-section-190418 > li > div > div > div:nth-of-type(2) > div > ul > li:nth-of-type(7) > div > div > div:nth-of-type(2) > div > a,0,Karina Garcia,0,Karina Gar,A,/html/body/div[2]/div[4]/div/div[5]/div/div/div/div/div/div[2]/div/div/ol/li[5]/ol/li/div/div/div[2]/div/ul/li[7]/div/div/div[2]/div/a,A,Karina Garcia,133,66,1326,1281
13, yt-uix-sessionlink      spf-link ,ol#item-section-190418 > li > div > div > div:nth-of-type(2) > div > ul > li:nth-of-type(8) > div > div > div > a,0,11:05,0,11:05,A,/html/body/div[2]/div[4]/div/div[5]/div/div/div/div/div/div[2]/div/div/ol/li[5]/ol/li/div/div/div[2]/div/ul/li[8]/div/div/div/a,A,11:05,134,196,1532,1180
34, yt-ui-ellipsis yt-ui-ellipsis-2 yt-uix-sessionlink      spf-link ,ol#item-section-190418 > li > div > div > div:nth-of-type(2) > div > ul > li:nth-of-type(8) > div > div > div:nth-of-type(2) > h3 > a,0,Back to School! 8 Fun DIY School Supplies and Hacks!,0,Back to Sc,A,/html/body/div[2]/div[4]/div/div[5]/div/div/div/div/div/div[2]/div/div/ol/li[5]/ol/li/div/div/div[2]/div/ul/li[8]/div/div/div[2]/h3/a,A,Back to School! 8 Fun DIY School Supplies and Hacks!,135,196,1532,1246
13,yt-uix-sessionlink       spf-link ,ol#item-section-190418 > li > div > div > div:nth-of-type(2) > div > ul > li:nth-of-type(8) > div > div > div:nth-of-type(2) > div > a,0,Crafty Panda,0,Crafty Pan,A,/html/body/div[2]/div[4]/div/div[5]/div/div/div/div/div/div[2]/div/div/ol/li[5]/ol/li/div/div/div[2]/div/ul/li[8]/div/div/div[2]/div/a,A,Crafty Panda,136,63,1532,1281
13, yt-uix-sessionlink      spf-link ,ol#item-section-190418 > li > div > div > div:nth-of-type(2) > div > ul > li:nth-of-type(9) > div > div > div > a,0,16:07,0,16:07,A,/html/body/div[2]/div[4]/div/div[5]/div/div/div/div/div/div[2]/div/div/ol/li[5]/ol/li/div/div/div[2]/div/ul/li[9]/div/div/div/a,A,16:07,137,196,1738,1180
34, yt-ui-ellipsis yt-ui-ellipsis-2 yt-uix-sessionlink      spf-link ,ol#item-section-190418 > li > div > div > div:nth-of-type(2) > div > ul > li:nth-of-type(9) > div > div > div:nth-of-type(2) > h3 > a,0,LIFE HACKS TO SPEED UP YOUR DAILY ROUTINE,0,LIFE HACKS,A,/html/body/div[2]/div[4]/div/div[5]/div/div/div/div/div/div[2]/div/div/ol/li[5]/ol/li/div/div/div[2]/div/ul/li[9]/div/div/div[2]/h3/a,A,LIFE HACKS TO SPEED UP YOUR DAILY ROUTINE,138,196,1738,1246
13,yt-uix-sessionlink       spf-link ,ol#item-section-190418 > li > div > div > div:nth-of-type(2) > div > ul > li:nth-of-type(9) > div > div > div:nth-of-type(2) > div > a,0,5-Minute Crafts,0,5-Minute C,A,/html/body/div[2]/div[4]/div/div[5]/div/div/div/div/div/div[2]/div/div/ol/li[5]/ol/li/div/div/div[2]/div/ul/li[9]/div/div/div[2]/div/a,A,5-Minute Crafts,139,76,1738,1281
60,yt-uix-button yt-uix-button-size-default yt-uix-button-shelf-slider-pager yt-uix-shelfslider-next,ol#item-section-190418 > li > div > div > div:nth-of-type(2) > button:nth-of-type(2),0,,0,,BUTTON,/html/body/div[2]/div[4]/div/div[5]/div/div/div/div/div/div[2]/div/div/ol/li[5]/ol/li/div/div/div[2]/button[2],BUTTON,,140,15,1110,1160
18,branded-page-module-title-link yt-uix-sessionlink      spf-link ,ol#item-section-929347 > li > div > div > div > div > h2 > a,0,Cars - Topic,0,Cars - Top,A,/html/body/div[2]/div[4]/div/div[5]/div/div/div/div/div/div[2]/div/div/ol/li[6]/ol/li/div/div/div/div/h2/a,A,Cars - Topic,141,108,90,1340
18,yt-uix-button  shelves-play play-all-icon-btn yt-uix-sessionlink yt-uix-sessionlink yt-uix-button-default yt-uix-button-size-small yt-uix-button-has-icon no-icon-markup,ol#item-section-929347 > li > div > div > div > div > h2 > a:nth-of-type(2),0,Play all,0,Play all,A,/html/body/div[2]/div[4]/div/div[5]/div/div/div/div/div/div[2]/div/div/ol/li[6]/ol/li/div/div/div/div/h2/a[2],A,Play all,142,79,325,1342
13, yt-uix-sessionlink      spf-link ,ol#item-section-929347 > li > div > div > div:nth-of-type(2) > div > ul > li > div > div > div > a,0,35:07,0,35:07,A,/html/body/div[2]/div[4]/div/div[5]/div/div/div/div/div/div[2]/div/div/ol/li[6]/ol/li/div/div/div[2]/div/ul/li/div/div/div/a,A,35:07,143,196,90,1418
34, yt-ui-ellipsis yt-ui-ellipsis-2 yt-uix-sessionlink      spf-link ,ol#item-section-929347 > li > div > div > div:nth-of-type(2) > div > ul > li > div > div > div:nth-of-type(2) > h3 > a,0,Here's Why the Bugatti Chiron Is Worth $3 Million,0,Here's Why,A,/html/body/div[2]/div[4]/div/div[5]/div/div/div/div/div/div[2]/div/div/ol/li[6]/ol/li/div/div/div[2]/div/ul/li/div/div/div[2]/h3/a,A,Here's Why the Bugatti Chiron Is Worth $3 Million,144,196,90,1484
13,yt-uix-sessionlink       spf-link ,ol#item-section-929347 > li > div > div > div:nth-of-type(2) > div > ul > li > div > div > div:nth-of-type(2) > div > a,0,Doug DeMuro,0,Doug DeMur,A,/html/body/div[2]/div[4]/div/div[5]/div/div/div/div/div/div[2]/div/div/ol/li[6]/ol/li/div/div/div[2]/div/ul/li/div/div/div[2]/div/a,A,Doug DeMuro,145,67,90,1519
13, yt-uix-sessionlink      spf-link ,ol#item-section-929347 > li > div > div > div:nth-of-type(2) > div > ul > li:nth-of-type(2) > div > div > div > a,0,13:50,0,13:50,A,/html/body/div[2]/div[4]/div/div[5]/div/div/div/div/div/div[2]/div/div/ol/li[6]/ol/li/div/div/div[2]/div/ul/li[2]/div/div/div/a,A,13:50,146,196,296,1418
34, yt-ui-ellipsis yt-ui-ellipsis-2 yt-uix-sessionlink      spf-link ,ol#item-section-929347 > li > div > div > div:nth-of-type(2) > div > ul > li:nth-of-type(2) > div > div > div:nth-of-type(2) > h3 > a,0,Dodge Hellcat Powered Mazda Miata Can do 6th Gear Burnouts!!,0,Dodge Hell,A,/html/body/div[2]/div[4]/div/div[5]/div/div/div/div/div/div[2]/div/div/ol/li[6]/ol/li/div/div/div[2]/div/ul/li[2]/div/div/div[2]/h3/a,A,Dodge Hellcat Powered Mazda Miata Can do 6th Gear Burnouts!!,147,196,296,1484
13,yt-uix-sessionlink       spf-link ,ol#item-section-929347 > li > div > div > div:nth-of-type(2) > div > ul > li:nth-of-type(2) > div > div > div:nth-of-type(2) > div > a,0,Hoonigan Daily Transmission,0,Hoonigan D,A,/html/body/div[2]/div[4]/div/div[5]/div/div/div/div/div/div[2]/div/div/ol/li[6]/ol/li/div/div/div[2]/div/ul/li[2]/div/div/div[2]/div/a,A,Hoonigan Daily Transmission,148,142,296,1519
13, yt-uix-sessionlink      spf-link ,ol#item-section-929347 > li > div > div > div:nth-of-type(2) > div > ul > li:nth-of-type(3) > div > div > div > a,0,10:17,0,10:17,A,/html/body/div[2]/div[4]/div/div[5]/div/div/div/div/div/div[2]/div/div/ol/li[6]/ol/li/div/div/div[2]/div/ul/li[3]/div/div/div/a,A,10:17,149,196,502,1418
34, yt-ui-ellipsis yt-ui-ellipsis-2 yt-uix-sessionlink      spf-link ,ol#item-section-929347 > li > div > div > div:nth-of-type(2) > div > ul > li:nth-of-type(3) > div > div > div:nth-of-type(2) > h3 > a,0,Most Satisfying Cleaning Machines and Ingenious Tools,0,Most Satis,A,/html/body/div[2]/div[4]/div/div[5]/div/div/div/div/div/div[2]/div/div/ol/li[6]/ol/li/div/div/div[2]/div/ul/li[3]/div/div/div[2]/h3/a,A,Most Satisfying Cleaning Machines and Ingenious Tools,150,196,502,1484
13,yt-uix-sessionlink       spf-link ,ol#item-section-929347 > li > div > div > div:nth-of-type(2) > div > ul > li:nth-of-type(3) > div > div > div:nth-of-type(2) > div > a,0,Quantum Tech HD,0,Quantum Te,A,/html/body/div[2]/div[4]/div/div[5]/div/div/div/div/div/div[2]/div/div/ol/li[6]/ol/li/div/div/div[2]/div/ul/li[3]/div/div/div[2]/div/a,A,Quantum Tech HD,151,89,502,1519
13, yt-uix-sessionlink      spf-link ,ol#item-section-929347 > li > div > div > div:nth-of-type(2) > div > ul > li:nth-of-type(4) > div > div > div > a,0,26:25,0,26:25,A,/html/body/div[2]/div[4]/div/div[5]/div/div/div/div/div/div[2]/div/div/ol/li[6]/ol/li/div/div/div[2]/div/ul/li[4]/div/div/div/a,A,26:25,152,196,708,1418
34, yt-ui-ellipsis yt-ui-ellipsis-2 yt-uix-sessionlink      spf-link ,ol#item-section-929347 > li > div > div > div:nth-of-type(2) > div > ul > li:nth-of-type(4) > div > div > div:nth-of-type(2) > h3 > a,0,1934 Bugatti Aérolithe - Jay Leno’s Garage,0,1934 Bugat,A,/html/body/div[2]/div[4]/div/div[5]/div/div/div/div/div/div[2]/div/div/ol/li[6]/ol/li/div/div/div[2]/div/ul/li[4]/div/div/div[2]/h3/a,A,1934 Bugatti Aérolithe - Jay Leno’s Garage,153,196,708,1484
13,yt-uix-sessionlink       spf-link ,ol#item-section-929347 > li > div > div > div:nth-of-type(2) > div > ul > li:nth-of-type(4) > div > div > div:nth-of-type(2) > div > a,0,Jay Leno's Garage,0,Jay Leno's,A,/html/body/div[2]/div[4]/div/div[5]/div/div/div/div/div/div[2]/div/div/ol/li[6]/ol/li/div/div/div[2]/div/ul/li[4]/div/div/div[2]/div/a,A,Jay Leno's Garage,154,88,708,1519
13, yt-uix-sessionlink      spf-link ,ol#item-section-929347 > li > div > div > div:nth-of-type(2) > div > ul > li:nth-of-type(5) > div > div > div > a,0,7:57,0,7:57,A,/html/body/div[2]/div[4]/div/div[5]/div/div/div/div/div/div[2]/div/div/ol/li[6]/ol/li/div/div/div[2]/div/ul/li[5]/div/div/div/a,A,7:57,155,196,914,1418
34, yt-ui-ellipsis yt-ui-ellipsis-2 yt-uix-sessionlink      spf-link ,ol#item-section-929347 > li > div > div > div:nth-of-type(2) > div > ul > li:nth-of-type(5) > div > div > div:nth-of-type(2) > h3 > a,0,Homemade Off Road Electric Wheelchair - She had NO Idea!,0,Homemade O,A,/html/body/div[2]/div[4]/div/div[5]/div/div/div/div/div/div[2]/div/div/ol/li[6]/ol/li/div/div/div[2]/div/ul/li[5]/div/div/div[2]/h3/a,A,Homemade Off Road Electric Wheelchair - She had NO Idea!,156,196,914,1484
13,yt-uix-sessionlink       spf-link ,ol#item-section-929347 > li > div > div > div:nth-of-type(2) > div > ul > li:nth-of-type(5) > div > div > div:nth-of-type(2) > div > a,0,JerryRigEverything,0,JerryRigEv,A,/html/body/div[2]/div[4]/div/div[5]/div/div/div/div/div/div[2]/div/div/ol/li[6]/ol/li/div/div/div[2]/div/ul/li[5]/div/div/div[2]/div/a,A,JerryRigEverything,157,91,914,1519
13, yt-uix-sessionlink      spf-link ,ol#item-section-929347 > li > div > div > div:nth-of-type(2) > div > ul > li:nth-of-type(6) > div > div > div > a,0,5:09,0,5:09,A,/html/body/div[2]/div[4]/div/div[5]/div/div/div/div/div/div[2]/div/div/ol/li[6]/ol/li/div/div/div[2]/div/ul/li[6]/div/div/div/a,A,5:09,158,196,1120,1418
34, yt-ui-ellipsis yt-ui-ellipsis-2 yt-uix-sessionlink      spf-link ,ol#item-section-929347 > li > div > div > div:nth-of-type(2) > div > ul > li:nth-of-type(6) > div > div > div:nth-of-type(2) > h3 > a,0,They say you can't outrun the cops...,0,They say y,A,/html/body/div[2]/div[4]/div/div[5]/div/div/div/div/div/div[2]/div/div/ol/li[6]/ol/li/div/div/div[2]/div/ul/li[6]/div/div/div[2]/h3/a,A,They say you can't outrun the cops...,159,196,1120,1484
13,yt-uix-sessionlink       spf-link ,ol#item-section-929347 > li > div > div > div:nth-of-type(2) > div > ul > li:nth-of-type(6) > div > div > div:nth-of-type(2) > div > a,0,Taylor88 Productions,0,Taylor88 P,A,/html/body/div[2]/div[4]/div/div[5]/div/div/div/div/div/div[2]/div/div/ol/li[6]/ol/li/div/div/div[2]/div/ul/li[6]/div/div/div[2]/div/a,A,Taylor88 Productions,160,104,1120,1519
13, yt-uix-sessionlink      spf-link ,ol#item-section-929347 > li > div > div > div:nth-of-type(2) > div > ul > li:nth-of-type(7) > div > div > div > a,0,8:17,0,8:17,A,/html/body/div[2]/div[4]/div/div[5]/div/div/div/div/div/div[2]/div/div/ol/li[6]/ol/li/div/div/div[2]/div/ul/li[7]/div/div/div/a,A,8:17,161,196,1326,1418
34, yt-ui-ellipsis yt-ui-ellipsis-2 yt-uix-sessionlink      spf-link ,ol#item-section-929347 > li > div > div > div:nth-of-type(2) > div > ul > li:nth-of-type(7) > div > div > div:nth-of-type(2) > h3 > a,0,Buick Nailhead V-8 engine rebuild time-lapse: from rusty to roaring | Redline Rebuilds - S3E3,0,Buick Nail,A,/html/body/div[2]/div[4]/div/div[5]/div/div/div/div/div/div[2]/div/div/ol/li[6]/ol/li/div/div/div[2]/div/ul/li[7]/div/div/div[2]/h3/a,A,Buick Nailhead V-8 engine rebuild time-lapse: from rusty to roaring | Redline Rebuilds - S3E3,162,196,1326,1484
13,yt-uix-sessionlink       spf-link ,ol#item-section-929347 > li > div > div > div:nth-of-type(2) > div > ul > li:nth-of-type(7) > div > div > div:nth-of-type(2) > div > a,0,Hagerty,0,Hagerty,A,/html/body/div[2]/div[4]/div/div[5]/div/div/div/div/div/div[2]/div/div/ol/li[6]/ol/li/div/div/div[2]/div/ul/li[7]/div/div/div[2]/div/a,A,Hagerty,163,39,1326,1519
13, yt-uix-sessionlink      spf-link ,ol#item-section-929347 > li > div > div > div:nth-of-type(2) > div > ul > li:nth-of-type(8) > div > div > div > a,0,6:50:16,0,6:50:16,A,/html/body/div[2]/div[4]/div/div[5]/div/div/div/div/div/div[2]/div/div/ol/li[6]/ol/li/div/div/div[2]/div/ul/li[8]/div/div/div/a,A,6:50:16,164,196,1532,1418
34, yt-ui-ellipsis yt-ui-ellipsis-2 yt-uix-sessionlink      spf-link ,ol#item-section-929347 > li > div > div > div:nth-of-type(2) > div > ul > li:nth-of-type(8) > div > div > div:nth-of-type(2) > h3 > a,0,California to New York: A Complete Road Trip,0,California,A,/html/body/div[2]/div[4]/div/div[5]/div/div/div/div/div/div[2]/div/div/ol/li[6]/ol/li/div/div/div[2]/div/ul/li[8]/div/div/div[2]/h3/a,A,California to New York: A Complete Road Trip,165,196,1532,1484
13,yt-uix-sessionlink       spf-link ,ol#item-section-929347 > li > div > div > div:nth-of-type(2) > div > ul > li:nth-of-type(8) > div > div > div:nth-of-type(2) > div > a,0,Unclecoolie Productions,0,Unclecooli,A,/html/body/div[2]/div[4]/div/div[5]/div/div/div/div/div/div[2]/div/div/ol/li[6]/ol/li/div/div/div[2]/div/ul/li[8]/div/div/div[2]/div/a,A,Unclecoolie Productions,166,119,1532,1519
13, yt-uix-sessionlink      spf-link ,ol#item-section-929347 > li > div > div > div:nth-of-type(2) > div > ul > li:nth-of-type(9) > div > div > div > a,0,1:17:05,0,1:17:05,A,/html/body/div[2]/div[4]/div/div[5]/div/div/div/div/div/div[2]/div/div/ol/li[6]/ol/li/div/div/div[2]/div/ul/li[9]/div/div/div/a,A,1:17:05,167,196,1738,1418
17, yt-ui-ellipsis yt-ui-ellipsis-2 yt-uix-sessionlink      spf-link ,ol#item-section-929347 > li > div > div > div:nth-of-type(2) > div > ul > li:nth-of-type(9) > div > div > div:nth-of-type(2) > h3 > a,0,Los Angeles 4K - Night Drive,0,Los Angele,A,/html/body/div[2]/div[4]/div/div[5]/div/div/div/div/div/div[2]/div/div/ol/li[6]/ol/li/div/div/div[2]/div/ul/li[9]/div/div/div[2]/h3/a,A,Los Angeles 4K - Night Drive,168,196,1738,1484
13,yt-uix-sessionlink       spf-link ,ol#item-section-929347 > li > div > div > div:nth-of-type(2) > div > ul > li:nth-of-type(9) > div > div > div:nth-of-type(2) > div > a,0,J Utah,0,J Utah,A,/html/body/div[2]/div[4]/div/div[5]/div/div/div/div/div/div[2]/div/div/ol/li[6]/ol/li/div/div/div[2]/div/ul/li[9]/div/div/div[2]/div/a,A,J Utah,169,32,1738,1502
13, yt-uix-sessionlink      spf-link ,ol#item-section-929347 > li > div > div > div:nth-of-type(2) > div > ul > li:nth-of-type(10) > div > div > div > a,0,19:40,0,19:40,A,/html/body/div[2]/div[4]/div/div[5]/div/div/div/div/div/div[2]/div/div/ol/li[6]/ol/li/div/div/div[2]/div/ul/li[10]/div/div/div/a,A,19:40,170,196,1944,1418
34, yt-ui-ellipsis yt-ui-ellipsis-2 yt-uix-sessionlink      spf-link ,ol#item-section-929347 > li > div > div > div:nth-of-type(2) > div > ul > li:nth-of-type(10) > div > div > div:nth-of-type(2) > h3 > a,0,$700 Honda Build. Junk Yard Rescue,0,$700 Honda,A,/html/body/div[2]/div[4]/div/div[5]/div/div/div/div/div/div[2]/div/div/ol/li[6]/ol/li/div/div/div[2]/div/ul/li[10]/div/div/div[2]/h3/a,A,$700 Honda Build. Junk Yard Rescue,171,196,1944,1484
13,yt-uix-sessionlink       spf-link ,ol#item-section-929347 > li > div > div > div:nth-of-type(2) > div > ul > li:nth-of-type(10) > div > div > div:nth-of-type(2) > div > a,0,79th Productions,0,79th Produ,A,/html/body/div[2]/div[4]/div/div[5]/div/div/div/div/div/div[2]/div/div/ol/li[6]/ol/li/div/div/div[2]/div/ul/li[10]/div/div/div[2]/div/a,A,79th Productions,172,84,1944,1519
60,yt-uix-button yt-uix-button-size-default yt-uix-button-shelf-slider-pager yt-uix-shelfslider-next,ol#item-section-929347 > li > div > div > div:nth-of-type(2) > button:nth-of-type(2),0,,0,,BUTTON,/html/body/div[2]/div[4]/div/div[5]/div/div/div/div/div/div[2]/div/div/ol/li[6]/ol/li/div/div/div[2]/button[2],BUTTON,,173,15,1110,1399
18,branded-page-module-title-link yt-uix-sessionlink      spf-link ,ol#item-section-562952 > li > div > div > div > div > h2 > a,0,Technology - Topic,0,Technology,A,/html/body/div[2]/div[4]/div/div[5]/div/div/div/div/div/div[2]/div/div/ol/li[7]/ol/li/div/div/div/div/h2/a,A,Technology - Topic,174,155,90,1578
18,yt-uix-button  shelves-play play-all-icon-btn yt-uix-sessionlink yt-uix-sessionlink yt-uix-button-default yt-uix-button-size-small yt-uix-button-has-icon no-icon-markup,ol#item-section-562952 > li > div > div > div > div > h2 > a:nth-of-type(2),0,Play all,0,Play all,A,/html/body/div[2]/div[4]/div/div[5]/div/div/div/div/div/div[2]/div/div/ol/li[7]/ol/li/div/div/div/div/h2/a[2],A,Play all,175,79,372,1581
13, yt-uix-sessionlink      spf-link ,ol#item-section-562952 > li > div > div > div:nth-of-type(2) > div > ul > li > div > div > div > a,0,8:39,0,8:39,A,/html/body/div[2]/div[4]/div/div[5]/div/div/div/div/div/div[2]/div/div/ol/li[7]/ol/li/div/div/div[2]/div/ul/li/div/div/div/a,A,8:39,176,196,90,1656
34, yt-ui-ellipsis yt-ui-ellipsis-2 yt-uix-sessionlink      spf-link ,ol#item-section-562952 > li > div > div > div:nth-of-type(2) > div > ul > li > div > div > div:nth-of-type(2) > h3 > a,0,30 Year Old IMAX Film Projector Is Still Running/POV,0,30 Year Ol,A,/html/body/div[2]/div[4]/div/div[5]/div/div/div/div/div/div[2]/div/div/ol/li[7]/ol/li/div/div/div[2]/div/ul/li/div/div/div[2]/h3/a,A,30 Year Old IMAX Film Projector Is Still Running/POV,177,196,90,1723
13,yt-uix-sessionlink       spf-link ,ol#item-section-562952 > li > div > div > div:nth-of-type(2) > div > ul > li > div > div > div:nth-of-type(2) > div > a,0,Yves Leibowitz,0,Yves Leibo,A,/html/body/div[2]/div[4]/div/div[5]/div/div/div/div/div/div[2]/div/div/ol/li[7]/ol/li/div/div/div[2]/div/ul/li/div/div/div[2]/div/a,A,Yves Leibowitz,178,73,90,1758
13, yt-uix-sessionlink      spf-link ,ol#item-section-562952 > li > div > div > div:nth-of-type(2) > div > ul > li:nth-of-type(2) > div > div > div > a,0,10:36,0,10:36,A,/html/body/div[2]/div[4]/div/div[5]/div/div/div/div/div/div[2]/div/div/ol/li[7]/ol/li/div/div/div[2]/div/ul/li[2]/div/div/div/a,A,10:36,179,196,296,1656
34, yt-ui-ellipsis yt-ui-ellipsis-2 yt-uix-sessionlink      spf-link ,ol#item-section-562952 > li > div > div > div:nth-of-type(2) > div > ul > li:nth-of-type(2) > div > div > div:nth-of-type(2) > h3 > a,0,DIY Car Upgrades That Are Next Level,0,DIY Car Up,A,/html/body/div[2]/div[4]/div/div[5]/div/div/div/div/div/div[2]/div/div/ol/li[7]/ol/li/div/div/div[2]/div/ul/li[2]/div/div/div[2]/h3/a,A,DIY Car Upgrades That Are Next Level,180,196,296,1723
13,yt-uix-sessionlink       spf-link ,ol#item-section-562952 > li > div > div > div:nth-of-type(2) > div > ul > li:nth-of-type(2) > div > div > div:nth-of-type(2) > div > a,0,Quantum Tech HD,0,Quantum Te,A,/html/body/div[2]/div[4]/div/div[5]/div/div/div/div/div/div[2]/div/div/ol/li[7]/ol/li/div/div/div[2]/div/ul/li[2]/div/div/div[2]/div/a,A,Quantum Tech HD,181,89,296,1758
13, yt-uix-sessionlink      spf-link ,ol#item-section-562952 > li > div > div > div:nth-of-type(2) > div > ul > li:nth-of-type(3) > div > div > div > a,0,13:56,0,13:56,A,/html/body/div[2]/div[4]/div/div[5]/div/div/div/div/div/div[2]/div/div/ol/li[7]/ol/li/div/div/div[2]/div/ul/li[3]/div/div/div/a,A,13:56,182,196,502,1656
17, yt-ui-ellipsis yt-ui-ellipsis-2 yt-uix-sessionlink      spf-link ,ol#item-section-562952 > li > div > div > div:nth-of-type(2) > div > ul > li:nth-of-type(3) > div > div > div:nth-of-type(2) > h3 > a,0,TESTING OLD APPLE PRODUCTS,0,TESTING OL,A,/html/body/div[2]/div[4]/div/div[5]/div/div/div/div/div/div[2]/div/div/ol/li[7]/ol/li/div/div/div[2]/div/ul/li[3]/div/div/div[2]/h3/a,A,TESTING OLD APPLE PRODUCTS,183,196,502,1723
13,yt-uix-sessionlink       spf-link ,ol#item-section-562952 > li > div > div > div:nth-of-type(2) > div > ul > li:nth-of-type(3) > div > div > div:nth-of-type(2) > div > a,0,shane,0,shane,A,/html/body/div[2]/div[4]/div/div[5]/div/div/div/div/div/div[2]/div/div/ol/li[7]/ol/li/div/div/div[2]/div/ul/li[3]/div/div/div[2]/div/a,A,shane,184,30,502,1741
13, yt-uix-sessionlink      spf-link ,ol#item-section-562952 > li > div > div > div:nth-of-type(2) > div > ul > li:nth-of-type(4) > div > div > div > a,0,9:28,0,9:28,A,/html/body/div[2]/div[4]/div/div[5]/div/div/div/div/div/div[2]/div/div/ol/li[7]/ol/li/div/div/div[2]/div/ul/li[4]/div/div/div/a,A,9:28,185,196,708,1656
34, yt-ui-ellipsis yt-ui-ellipsis-2 yt-uix-sessionlink      spf-link ,ol#item-section-562952 > li > div > div > div:nth-of-type(2) > div > ul > li:nth-of-type(4) > div > div > div:nth-of-type(2) > h3 > a,0,Found Phone Underwater With Snapchat Still On Screen,0,Found Phon,A,/html/body/div[2]/div[4]/div/div[5]/div/div/div/div/div/div[2]/div/div/ol/li[7]/ol/li/div/div/div[2]/div/ul/li[4]/div/div/div[2]/h3/a,A,Found Phone Underwater With Snapchat Still On Screen,186,196,708,1723
13,yt-uix-sessionlink       spf-link ,ol#item-section-562952 > li > div > div > div:nth-of-type(2) > div > ul > li:nth-of-type(4) > div > div > div:nth-of-type(2) > div > a,0,Man + River,0,Man + Rive,A,/html/body/div[2]/div[4]/div/div[5]/div/div/div/div/div/div[2]/div/div/ol/li[7]/ol/li/div/div/div[2]/div/ul/li[4]/div/div/div[2]/div/a,A,Man + River,187,58,708,1758
13, yt-uix-sessionlink      spf-link ,ol#item-section-562952 > li > div > div > div:nth-of-type(2) > div > ul > li:nth-of-type(5) > div > div > div > a,0,13:25,0,13:25,A,/html/body/div[2]/div[4]/div/div[5]/div/div/div/div/div/div[2]/div/div/ol/li[7]/ol/li/div/div/div[2]/div/ul/li[5]/div/div/div/a,A,13:25,188,196,914,1656
34, yt-ui-ellipsis yt-ui-ellipsis-2 yt-uix-sessionlink      spf-link ,ol#item-section-562952 > li > div > div > div:nth-of-type(2) > div > ul > li:nth-of-type(5) > div > div > div:nth-of-type(2) > h3 > a,0,Can a Folding Phone Bend Both Ways?! - Bend Test!,0,Can a Fold,A,/html/body/div[2]/div[4]/div/div[5]/div/div/div/div/div/div[2]/div/div/ol/li[7]/ol/li/div/div/div[2]/div/ul/li[5]/div/div/div[2]/h3/a,A,Can a Folding Phone Bend Both Ways?! - Bend Test!,189,196,914,1723
13,yt-uix-sessionlink       spf-link ,ol#item-section-562952 > li > div > div > div:nth-of-type(2) > div > ul > li:nth-of-type(5) > div > div > div:nth-of-type(2) > div > a,0,JerryRigEverything,0,JerryRigEv,A,/html/body/div[2]/div[4]/div/div[5]/div/div/div/div/div/div[2]/div/div/ol/li[7]/ol/li/div/div/div[2]/div/ul/li[5]/div/div/div[2]/div/a,A,JerryRigEverything,190,91,914,1758
13, yt-uix-sessionlink      spf-link ,ol#item-section-562952 > li > div > div > div:nth-of-type(2) > div > ul > li:nth-of-type(6) > div > div > div > a,0,10:43,0,10:43,A,/html/body/div[2]/div[4]/div/div[5]/div/div/div/div/div/div[2]/div/div/ol/li[7]/ol/li/div/div/div[2]/div/ul/li[6]/div/div/div/a,A,10:43,191,196,1120,1656
34, yt-ui-ellipsis yt-ui-ellipsis-2 yt-uix-sessionlink      spf-link ,ol#item-section-562952 > li > div > div > div:nth-of-type(2) > div > ul > li:nth-of-type(6) > div > div > div:nth-of-type(2) > h3 > a,0,10 INCREDIBLE Space Launch Failures! [4K],0,10 INCREDI,A,/html/body/div[2]/div[4]/div/div[5]/div/div/div/div/div/div[2]/div/div/ol/li[7]/ol/li/div/div/div[2]/div/ul/li[6]/div/div/div[2]/h3/a,A,10 INCREDIBLE Space Launch Failures! [4K],192,196,1120,1723
13,yt-uix-sessionlink       spf-link ,ol#item-section-562952 > li > div > div > div:nth-of-type(2) > div > ul > li:nth-of-type(6) > div > div > div:nth-of-type(2) > div > a,0,Dark Space,0,Dark Space,A,/html/body/div[2]/div[4]/div/div[5]/div/div/div/div/div/div[2]/div/div/ol/li[7]/ol/li/div/div/div[2]/div/ul/li[6]/div/div/div[2]/div/a,A,Dark Space,193,55,1120,1758
13, yt-uix-sessionlink      spf-link ,ol#item-section-562952 > li > div > div > div:nth-of-type(2) > div > ul > li:nth-of-type(7) > div > div > div > a,0,25:19,0,25:19,A,/html/body/div[2]/div[4]/div/div[5]/div/div/div/div/div/div[2]/div/div/ol/li[7]/ol/li/div/div/div[2]/div/ul/li[7]/div/div/div/a,A,25:19,194,196,1326,1656
34, yt-ui-ellipsis yt-ui-ellipsis-2 yt-uix-sessionlink      spf-link ,ol#item-section-562952 > li > div > div > div:nth-of-type(2) > div > ul > li:nth-of-type(7) > div > div > div:nth-of-type(2) > h3 > a,0,"36 MOST RELAXING HACKS || How To Relax, Reduce Stress And Beat Anxiety",0,36 MOST RE,A,/html/body/div[2]/div[4]/div/div[5]/div/div/div/div/div/div[2]/div/div/ol/li[7]/ol/li/div/div/div[2]/div/ul/li[7]/div/div/div[2]/h3/a,A,"36 MOST RELAXING HACKS || How To Relax, Reduce Stress And Beat Anxiety",195,196,1326,1723
13,yt-uix-sessionlink       spf-link ,ol#item-section-562952 > li > div > div > div:nth-of-type(2) > div > ul > li:nth-of-type(7) > div > div > div:nth-of-type(2) > div > a,0,5-Minute Crafts,0,5-Minute C,A,/html/body/div[2]/div[4]/div/div[5]/div/div/div/div/div/div[2]/div/div/ol/li[7]/ol/li/div/div/div[2]/div/ul/li[7]/div/div/div[2]/div/a,A,5-Minute Crafts,196,76,1326,1758
13, yt-uix-sessionlink      spf-link ,ol#item-section-562952 > li > div > div > div:nth-of-type(2) > div > ul > li:nth-of-type(8) > div > div > div > a,0,17:30,0,17:30,A,/html/body/div[2]/div[4]/div/div[5]/div/div/div/div/div/div[2]/div/div/ol/li[7]/ol/li/div/div/div[2]/div/ul/li[8]/div/div/div/a,A,17:30,197,196,1532,1656
34, yt-ui-ellipsis yt-ui-ellipsis-2 yt-uix-sessionlink      spf-link ,ol#item-section-562952 > li > div > div > div:nth-of-type(2) > div > ul > li:nth-of-type(8) > div > div > div:nth-of-type(2) > h3 > a,0,My BIGGEST Flipbook EVER - The RETURN of Grumpy Cloud,0,My BIGGEST,A,/html/body/div[2]/div[4]/div/div[5]/div/div/div/div/div/div[2]/div/div/ol/li[7]/ol/li/div/div/div[2]/div/ul/li[8]/div/div/div[2]/h3/a,A,My BIGGEST Flipbook EVER - The RETURN of Grumpy Cloud,198,196,1532,1723
13,yt-uix-sessionlink       spf-link ,ol#item-section-562952 > li > div > div > div:nth-of-type(2) > div > ul > li:nth-of-type(8) > div > div > div:nth-of-type(2) > div > a,0,Andymation,0,Andymation,A,/html/body/div[2]/div[4]/div/div[5]/div/div/div/div/div/div[2]/div/div/ol/li[7]/ol/li/div/div/div[2]/div/ul/li[8]/div/div/div[2]/div/a,A,Andymation,199,59,1532,1758
13, yt-uix-sessionlink      spf-link ,ol#item-section-562952 > li > div > div > div:nth-of-type(2) > div > ul > li:nth-of-type(9) > div > div > div > a,0,10:20,0,10:20,A,/html/body/div[2]/div[4]/div/div[5]/div/div/div/div/div/div[2]/div/div/ol/li[7]/ol/li/div/div/div[2]/div/ul/li[9]/div/div/div/a,A,10:20,200,196,1738,1656
34, yt-ui-ellipsis yt-ui-ellipsis-2 yt-uix-sessionlink      spf-link ,ol#item-section-562952 > li > div > div > div:nth-of-type(2) > div > ul > li:nth-of-type(9) > div > div > div:nth-of-type(2) > h3 > a,0,Every Console In One Box - The Origin Big O,0,Every Cons,A,/html/body/div[2]/div[4]/div/div[5]/div/div/div/div/div/div[2]/div/div/ol/li[7]/ol/li/div/div/div[2]/div/ul/li[9]/div/div/div[2]/h3/a,A,Every Console In One Box - The Origin Big O,201,196,1738,1723
13,yt-uix-sessionlink       spf-link ,ol#item-section-562952 > li > div > div > div:nth-of-type(2) > div > ul > li:nth-of-type(9) > div > div > div:nth-of-type(2) > div > a,0,Unbox Therapy,0,Unbox Ther,A,/html/body/div[2]/div[4]/div/div[5]/div/div/div/div/div/div[2]/div/div/ol/li[7]/ol/li/div/div/div[2]/div/ul/li[9]/div/div/div[2]/div/a,A,Unbox Therapy,202,73,1738,1758
13, yt-uix-sessionlink      spf-link ,ol#item-section-562952 > li > div > div > div:nth-of-type(2) > div > ul > li:nth-of-type(10) > div > div > div > a,0,18:43,0,18:43,A,/html/body/div[2]/div[4]/div/div[5]/div/div/div/div/div/div[2]/div/div/ol/li[7]/ol/li/div/div/div[2]/div/ul/li[10]/div/div/div/a,A,18:43,203,196,1944,1656
34, yt-ui-ellipsis yt-ui-ellipsis-2 yt-uix-sessionlink      spf-link ,ol#item-section-562952 > li > div > div > div:nth-of-type(2) > div > ul > li:nth-of-type(10) > div > div > div:nth-of-type(2) > h3 > a,0,The Most Powerful Smartphone In The World,0,The Most P,A,/html/body/div[2]/div[4]/div/div[5]/div/div/div/div/div/div[2]/div/div/ol/li[7]/ol/li/div/div/div[2]/div/ul/li[10]/div/div/div[2]/h3/a,A,The Most Powerful Smartphone In The World,204,196,1944,1723
13,yt-uix-sessionlink       spf-link ,ol#item-section-562952 > li > div > div > div:nth-of-type(2) > div > ul > li:nth-of-type(10) > div > div > div:nth-of-type(2) > div > a,0,Unbox Therapy,0,Unbox Ther,A,/html/body/div[2]/div[4]/div/div[5]/div/div/div/div/div/div[2]/div/div/ol/li[7]/ol/li/div/div/div[2]/div/ul/li[10]/div/div/div[2]/div/a,A,Unbox Therapy,205,73,1944,1758
13, yt-uix-sessionlink      spf-link ,ol#item-section-562952 > li > div > div > div:nth-of-type(2) > div > ul > li:nth-of-type(11) > div > div > div > a,0,15:02,0,15:02,A,/html/body/div[2]/div[4]/div/div[5]/div/div/div/div/div/div[2]/div/div/ol/li[7]/ol/li/div/div/div[2]/div/ul/li[11]/div/div/div/a,A,15:02,206,196,2150,1656
34, yt-ui-ellipsis yt-ui-ellipsis-2 yt-uix-sessionlink      spf-link ,ol#item-section-562952 > li > div > div > div:nth-of-type(2) > div > ul > li:nth-of-type(11) > div > div > div:nth-of-type(2) > h3 > a,0,iOS 13 Beta 5! 150+ New Features & Changes,0,iOS 13 Bet,A,/html/body/div[2]/div[4]/div/div[5]/div/div/div/div/div/div[2]/div/div/ol/li[7]/ol/li/div/div/div[2]/div/ul/li[11]/div/div/div[2]/h3/a,A,iOS 13 Beta 5! 150+ New Features & Changes,207,196,2150,1723
13,yt-uix-sessionlink       spf-link ,ol#item-section-562952 > li > div > div > div:nth-of-type(2) > div > ul > li:nth-of-type(11) > div > div > div:nth-of-type(2) > div > a,0,EverythingApplePro,0,Everything,A,/html/body/div[2]/div[4]/div/div[5]/div/div/div/div/div/div[2]/div/div/ol/li[7]/ol/li/div/div/div[2]/div/ul/li[11]/div/div/div[2]/div/a,A,EverythingApplePro,208,96,2150,1758
13, yt-uix-sessionlink      spf-link ,ol#item-section-562952 > li > div > div > div:nth-of-type(2) > div > ul > li:nth-of-type(12) > div > div > div > a,0,4:36,0,4:36,A,/html/body/div[2]/div[4]/div/div[5]/div/div/div/div/div/div[2]/div/div/ol/li[7]/ol/li/div/div/div[2]/div/ul/li[12]/div/div/div/a,A,4:36,209,196,2356,1656
34, yt-ui-ellipsis yt-ui-ellipsis-2 yt-uix-sessionlink      spf-link ,ol#item-section-562952 > li > div > div > div:nth-of-type(2) > div > ul > li:nth-of-type(12) > div > div > div:nth-of-type(2) > h3 > a,0,सिर्फ 5 मिनट में चमकाए स्विच बोर्ड || How to Clean Switch Board Quickly/ Easily !!,0,सिर्फ 5 मि,A,/html/body/div[2]/div[4]/div/div[5]/div/div/div/div/div/div[2]/div/div/ol/li[7]/ol/li/div/div/div[2]/div/ul/li[12]/div/div/div[2]/h3/a,A,सिर्फ 5 मिनट में चमकाए स्विच बोर्ड || How to Clean Switch Board Quickly/ Easily !!,210,196,2356,1723
13,yt-uix-sessionlink       spf-link ,ol#item-section-562952 > li > div > div > div:nth-of-type(2) > div > ul > li:nth-of-type(12) > div > div > div:nth-of-type(2) > div > a,0,Vlogs with Divya,0,Vlogs with,A,/html/body/div[2]/div[4]/div/div[5]/div/div/div/div/div/div[2]/div/div/ol/li[7]/ol/li/div/div/div[2]/div/ul/li[12]/div/div/div[2]/div/a,A,Vlogs with Divya,211,80,2356,1758
13, yt-uix-sessionlink      spf-link ,ol#item-section-562952 > li > div > div > div:nth-of-type(2) > div > ul > li:nth-of-type(13) > div > div > div > a,0,1:45:24,0,1:45:24,A,/html/body/div[2]/div[4]/div/div[5]/div/div/div/div/div/div[2]/div/div/ol/li[7]/ol/li/div/div/div[2]/div/ul/li[13]/div/div/div/a,A,1:45:24,212,196,2562,1656
17, yt-ui-ellipsis yt-ui-ellipsis-2 yt-uix-sessionlink      spf-link ,ol#item-section-562952 > li > div > div > div:nth-of-type(2) > div > ul > li:nth-of-type(13) > div > div > div:nth-of-type(2) > h3 > a,0,Hackers,0,Hackers,A,/html/body/div[2]/div[4]/div/div[5]/div/div/div/div/div/div[2]/div/div/ol/li[7]/ol/li/div/div/div[2]/div/ul/li[13]/div/div/div[2]/h3/a,A,Hackers,213,196,2562,1723
13,yt-uix-sessionlink       spf-link ,ol#item-section-562952 > li > div > div > div:nth-of-type(2) > div > ul > li:nth-of-type(13) > div > div > div:nth-of-type(2) > div > a,0,YouTube Movies,0,YouTube Mo,A,/html/body/div[2]/div[4]/div/div[5]/div/div/div/div/div/div[2]/div/div/ol/li[7]/ol/li/div/div/div[2]/div/ul/li[13]/div/div/div[2]/div/a,A,YouTube Movies,214,81,2562,1741
60,yt-uix-button yt-uix-button-size-default yt-uix-button-shelf-slider-pager yt-uix-shelfslider-next,ol#item-section-562952 > li > div > div > div:nth-of-type(2) > button:nth-of-type(2),0,,0,,BUTTON,/html/body/div[2]/div[4]/div/div[5]/div/div/div/div/div/div[2]/div/div/ol/li[7]/ol/li/div/div/div[2]/button[2],BUTTON,,215,15,1110,1637
18,branded-page-module-title-link yt-uix-sessionlink      spf-link ,ol#item-section-364138 > li > div > div > div > div > h2 > a,0,Visual Arts - Topic,0,Visual Art,A,/html/body/div[2]/div[4]/div/div[5]/div/div/div/div/div/div[2]/div/div/ol/li[8]/ol/li/div/div/div/div/h2/a,A,Visual Arts - Topic,216,151,90,1817
18,yt-uix-button  shelves-play play-all-icon-btn yt-uix-sessionlink yt-uix-sessionlink yt-uix-button-default yt-uix-button-size-small yt-uix-button-has-icon no-icon-markup,ol#item-section-364138 > li > div > div > div > div > h2 > a:nth-of-type(2),0,Play all,0,Play all,A,/html/body/div[2]/div[4]/div/div[5]/div/div/div/div/div/div[2]/div/div/ol/li[8]/ol/li/div/div/div/div/h2/a[2],A,Play all,217,79,368,1819
13, yt-uix-sessionlink      spf-link ,ol#item-section-364138 > li > div > div > div:nth-of-type(2) > div > ul > li > div > div > div > a,0,4:52,0,4:52,A,/html/body/div[2]/div[4]/div/div[5]/div/div/div/div/div/div[2]/div/div/ol/li[8]/ol/li/div/div/div[2]/div/ul/li/div/div/div/a,A,4:52,218,196,90,1895
34, yt-ui-ellipsis yt-ui-ellipsis-2 yt-uix-sessionlink      spf-link ,ol#item-section-364138 > li > div > div > div:nth-of-type(2) > div > ul > li > div > div > div:nth-of-type(2) > h3 > a,0,Acrylic pour Painting - Swirl technique with five colors,0,Acrylic po,A,/html/body/div[2]/div[4]/div/div[5]/div/div/div/div/div/div[2]/div/div/ol/li[8]/ol/li/div/div/div[2]/div/ul/li/div/div/div[2]/h3/a,A,Acrylic pour Painting - Swirl technique with five colors,219,196,90,1961
13,yt-uix-sessionlink       spf-link ,ol#item-section-364138 > li > div > div > div:nth-of-type(2) > div > ul > li > div > div > div:nth-of-type(2) > div > a,0,Tiktus color Art,0,Tiktus col,A,/html/body/div[2]/div[4]/div/div[5]/div/div/div/div/div/div[2]/div/div/ol/li[8]/ol/li/div/div/div[2]/div/ul/li/div/div/div[2]/div/a,A,Tiktus color Art,220,75,90,1996
13, yt-uix-sessionlink      spf-link ,ol#item-section-364138 > li > div > div > div:nth-of-type(2) > div > ul > li:nth-of-type(2) > div > div > div > a,0,10:38,0,10:38,A,/html/body/div[2]/div[4]/div/div[5]/div/div/div/div/div/div[2]/div/div/ol/li[8]/ol/li/div/div/div[2]/div/ul/li[2]/div/div/div/a,A,10:38,221,196,296,1895
34, yt-ui-ellipsis yt-ui-ellipsis-2 yt-uix-sessionlink      spf-link ,ol#item-section-364138 > li > div > div > div:nth-of-type(2) > div > ul > li:nth-of-type(2) > div > div > div:nth-of-type(2) > h3 > a,0,Inside a $40M Hamptons Home with an Indoor Rock Climbing Wall | On the Market | Architectural Digest,0,Inside a $,A,/html/body/div[2]/div[4]/div/div[5]/div/div/div/div/div/div[2]/div/div/ol/li[8]/ol/li/div/div/div[2]/div/ul/li[2]/div/div/div[2]/h3/a,A,Inside a $40M Hamptons Home with an Indoor Rock Climbing Wall | On the Market | Architectural Digest,222,196,296,1961
13,yt-uix-sessionlink       spf-link ,ol#item-section-364138 > li > div > div > div:nth-of-type(2) > div > ul > li:nth-of-type(2) > div > div > div:nth-of-type(2) > div > a,0,Architectural Digest,0,Architectu,A,/html/body/div[2]/div[4]/div/div[5]/div/div/div/div/div/div[2]/div/div/ol/li[8]/ol/li/div/div/div[2]/div/ul/li[2]/div/div/div[2]/div/a,A,Architectural Digest,223,96,296,1996
13, yt-uix-sessionlink      spf-link ,ol#item-section-364138 > li > div > div > div:nth-of-type(2) > div > ul > li:nth-of-type(3) > div > div > div > a,0,6:50,0,6:50,A,/html/body/div[2]/div[4]/div/div[5]/div/div/div/div/div/div[2]/div/div/ol/li[8]/ol/li/div/div/div[2]/div/ul/li[3]/div/div/div/a,A,6:50,224,196,502,1895
34, yt-ui-ellipsis yt-ui-ellipsis-2 yt-uix-sessionlink      spf-link ,ol#item-section-364138 > li > div > div > div:nth-of-type(2) > div > ul > li:nth-of-type(3) > div > div > div:nth-of-type(2) > h3 > a,0,Painting an Airliner in Gouache—an hour before boarding,0,Painting a,A,/html/body/div[2]/div[4]/div/div[5]/div/div/div/div/div/div[2]/div/div/ol/li[8]/ol/li/div/div/div[2]/div/ul/li[3]/div/div/div[2]/h3/a,A,Painting an Airliner in Gouache—an hour before boarding,225,196,502,1961
13,yt-uix-sessionlink       spf-link ,ol#item-section-364138 > li > div > div > div:nth-of-type(2) > div > ul > li:nth-of-type(3) > div > div > div:nth-of-type(2) > div > a,0,James Gurney,0,James Gurn,A,/html/body/div[2]/div[4]/div/div[5]/div/div/div/div/div/div[2]/div/div/ol/li[8]/ol/li/div/div/div[2]/div/ul/li[3]/div/div/div[2]/div/a,A,James Gurney,226,70,502,1996
13, yt-uix-sessionlink      spf-link ,ol#item-section-364138 > li > div > div > div:nth-of-type(2) > div > ul > li:nth-of-type(4) > div > div > div > a,0,10:40,0,10:40,A,/html/body/div[2]/div[4]/div/div[5]/div/div/div/div/div/div[2]/div/div/ol/li[8]/ol/li/div/div/div[2]/div/ul/li[4]/div/div/div/a,A,10:40,227,196,708,1895
34, yt-ui-ellipsis yt-ui-ellipsis-2 yt-uix-sessionlink      spf-link ,ol#item-section-364138 > li > div > div > div:nth-of-type(2) > div > ul > li:nth-of-type(4) > div > div > div:nth-of-type(2) > h3 > a,0,How to draw a girl step by step / Pencil Sketch drawing,0,How to dra,A,/html/body/div[2]/div[4]/div/div[5]/div/div/div/div/div/div[2]/div/div/ol/li[8]/ol/li/div/div/div[2]/div/ul/li[4]/div/div/div[2]/h3/a,A,How to draw a girl step by step / Pencil Sketch drawing,228,196,708,1961
13,yt-uix-sessionlink       spf-link ,ol#item-section-364138 > li > div > div > div:nth-of-type(2) > div > ul > li:nth-of-type(4) > div > div > div:nth-of-type(2) > div > a,0,Farjana Drawing Academy,0,Farjana Dr,A,/html/body/div[2]/div[4]/div/div[5]/div/div/div/div/div/div[2]/div/div/ol/li[8]/ol/li/div/div/div[2]/div/ul/li[4]/div/div/div[2]/div/a,A,Farjana Drawing Academy,229,127,708,1996
13, yt-uix-sessionlink      spf-link ,ol#item-section-364138 > li > div > div > div:nth-of-type(2) > div > ul > li:nth-of-type(5) > div > div > div > a,0,36:01,0,36:01,A,/html/body/div[2]/div[4]/div/div[5]/div/div/div/div/div/div[2]/div/div/ol/li[8]/ol/li/div/div/div[2]/div/ul/li[5]/div/div/div/a,A,36:01,230,196,914,1895
34, yt-ui-ellipsis yt-ui-ellipsis-2 yt-uix-sessionlink      spf-link ,ol#item-section-364138 > li > div > div > div:nth-of-type(2) > div > ul > li:nth-of-type(5) > div > div > div:nth-of-type(2) > h3 > a,0,Redesigning Popular Coffee Logos,0,Redesignin,A,/html/body/div[2]/div[4]/div/div[5]/div/div/div/div/div/div[2]/div/div/ol/li[8]/ol/li/div/div/div[2]/div/ul/li[5]/div/div/div[2]/h3/a,A,Redesigning Popular Coffee Logos,231,196,914,1961
13,yt-uix-sessionlink       spf-link ,ol#item-section-364138 > li > div > div > div:nth-of-type(2) > div > ul > li:nth-of-type(5) > div > div > div:nth-of-type(2) > div > a,0,Kel Lauren,0,Kel Lauren,A,/html/body/div[2]/div[4]/div/div[5]/div/div/div/div/div/div[2]/div/div/ol/li[8]/ol/li/div/div/div[2]/div/ul/li[5]/div/div/div[2]/div/a,A,Kel Lauren,232,51,914,1996
13, yt-uix-sessionlink      spf-link ,ol#item-section-364138 > li > div > div > div:nth-of-type(2) > div > ul > li:nth-of-type(6) > div > div > div > a,0,17:30,0,17:30,A,/html/body/div[2]/div[4]/div/div[5]/div/div/div/div/div/div[2]/div/div/ol/li[8]/ol/li/div/div/div[2]/div/ul/li[6]/div/div/div/a,A,17:30,233,196,1120,1895
34, yt-ui-ellipsis yt-ui-ellipsis-2 yt-uix-sessionlink      spf-link ,ol#item-section-364138 > li > div > div > div:nth-of-type(2) > div > ul > li:nth-of-type(6) > div > div > div:nth-of-type(2) > h3 > a,0,My BIGGEST Flipbook EVER - The RETURN of Grumpy Cloud,0,My BIGGEST,A,/html/body/div[2]/div[4]/div/div[5]/div/div/div/div/div/div[2]/div/div/ol/li[8]/ol/li/div/div/div[2]/div/ul/li[6]/div/div/div[2]/h3/a,A,My BIGGEST Flipbook EVER - The RETURN of Grumpy Cloud,234,196,1120,1961
13,yt-uix-sessionlink       spf-link ,ol#item-section-364138 > li > div > div > div:nth-of-type(2) > div > ul > li:nth-of-type(6) > div > div > div:nth-of-type(2) > div > a,0,Andymation,0,Andymation,A,/html/body/div[2]/div[4]/div/div[5]/div/div/div/div/div/div[2]/div/div/ol/li[8]/ol/li/div/div/div[2]/div/ul/li[6]/div/div/div[2]/div/a,A,Andymation,235,59,1120,1996
13, yt-uix-sessionlink      spf-link ,ol#item-section-364138 > li > div > div > div:nth-of-type(2) > div > ul > li:nth-of-type(7) > div > div > div > a,0,14:24,0,14:24,A,/html/body/div[2]/div[4]/div/div[5]/div/div/div/div/div/div[2]/div/div/ol/li[8]/ol/li/div/div/div[2]/div/ul/li[7]/div/div/div/a,A,14:24,236,196,1326,1895
34, yt-ui-ellipsis yt-ui-ellipsis-2 yt-uix-sessionlink      spf-link ,ol#item-section-364138 > li > div > div > div:nth-of-type(2) > div > ul > li:nth-of-type(7) > div > div > div:nth-of-type(2) > h3 > a,0,brand new luxurious villas 4 bedroom triple story with best design interior and woodwork,0,brand new ,A,/html/body/div[2]/div[4]/div/div[5]/div/div/div/div/div/div[2]/div/div/ol/li[8]/ol/li/div/div/div[2]/div/ul/li[7]/div/div/div[2]/h3/a,A,brand new luxurious villas 4 bedroom triple story with best design interior and woodwork,237,196,1326,1961
13,yt-uix-sessionlink       spf-link ,ol#item-section-364138 > li > div > div > div:nth-of-type(2) > div > ul > li:nth-of-type(7) > div > div > div:nth-of-type(2) > div > a,0,Harry Dutt,0,Harry Dutt,A,/html/body/div[2]/div[4]/div/div[5]/div/div/div/div/div/div[2]/div/div/ol/li[8]/ol/li/div/div/div[2]/div/ul/li[7]/div/div/div[2]/div/a,A,Harry Dutt,238,50,1326,1996
13, yt-uix-sessionlink      spf-link ,ol#item-section-364138 > li > div > div > div:nth-of-type(2) > div > ul > li:nth-of-type(8) > div > div > div > a,0,18:17,0,18:17,A,/html/body/div[2]/div[4]/div/div[5]/div/div/div/div/div/div[2]/div/div/ol/li[8]/ol/li/div/div/div[2]/div/ul/li[8]/div/div/div/a,A,18:17,239,196,1532,1895
34, yt-ui-ellipsis yt-ui-ellipsis-2 yt-uix-sessionlink      spf-link ,ol#item-section-364138 > li > div > div > div:nth-of-type(2) > div > ul > li:nth-of-type(8) > div > div > div:nth-of-type(2) > h3 > a,0,Getting Rid of My Dreadlocks After 11 Years! (Draw My Life),0,Getting Ri,A,/html/body/div[2]/div[4]/div/div[5]/div/div/div/div/div/div[2]/div/div/ol/li[8]/ol/li/div/div/div[2]/div/ul/li[8]/div/div/div[2]/h3/a,A,Getting Rid of My Dreadlocks After 11 Years! (Draw My Life),240,196,1532,1961
13,yt-uix-sessionlink       spf-link ,ol#item-section-364138 > li > div > div > div:nth-of-type(2) > div > ul > li:nth-of-type(8) > div > div > div:nth-of-type(2) > div > a,0,Tyler Shelton,0,Tyler Shel,A,/html/body/div[2]/div[4]/div/div[5]/div/div/div/div/div/div[2]/div/div/ol/li[8]/ol/li/div/div/div[2]/div/ul/li[8]/div/div/div[2]/div/a,A,Tyler Shelton,241,63,1532,1996
13, yt-uix-sessionlink      spf-link ,ol#item-section-364138 > li > div > div > div:nth-of-type(2) > div > ul > li:nth-of-type(9) > div > div > div > a,0,11:05,0,11:05,A,/html/body/div[2]/div[4]/div/div[5]/div/div/div/div/div/div[2]/div/div/ol/li[8]/ol/li/div/div/div[2]/div/ul/li[9]/div/div/div/a,A,11:05,242,196,1738,1895
34, yt-ui-ellipsis yt-ui-ellipsis-2 yt-uix-sessionlink      spf-link ,ol#item-section-364138 > li > div > div > div:nth-of-type(2) > div > ul > li:nth-of-type(9) > div > div > div:nth-of-type(2) > h3 > a,0,Back to School! 8 Fun DIY School Supplies and Hacks!,0,Back to Sc,A,/html/body/div[2]/div[4]/div/div[5]/div/div/div/div/div/div[2]/div/div/ol/li[8]/ol/li/div/div/div[2]/div/ul/li[9]/div/div/div[2]/h3/a,A,Back to School! 8 Fun DIY School Supplies and Hacks!,243,196,1738,1961
13,yt-uix-sessionlink       spf-link ,ol#item-section-364138 > li > div > div > div:nth-of-type(2) > div > ul > li:nth-of-type(9) > div > div > div:nth-of-type(2) > div > a,0,Crafty Panda,0,Crafty Pan,A,/html/body/div[2]/div[4]/div/div[5]/div/div/div/div/div/div[2]/div/div/ol/li[8]/ol/li/div/div/div[2]/div/ul/li[9]/div/div/div[2]/div/a,A,Crafty Panda,244,63,1738,1996
60,yt-uix-button yt-uix-button-size-default yt-uix-button-shelf-slider-pager yt-uix-shelfslider-next,ol#item-section-364138 > li > div > div > div:nth-of-type(2) > button:nth-of-type(2),0,,0,,BUTTON,/html/body/div[2]/div[4]/div/div[5]/div/div/div/div/div/div[2]/div/div/ol/li[8]/ol/li/div/div/div[2]/button[2],BUTTON,,245,15,1110,1876
28,yt-uix-button yt-uix-button-size-default yt-uix-button-default load-more-button yt-uix-load-more browse-items-load-more-button scrolldetect yt-uix-sessionlink,div#feed-main-what_to_watch > button,0,,0,,BUTTON,/html/body/div[2]/div[4]/div/div[5]/div/div/div/div/div/div[2]/div/div/button,BUTTON,"Loading...
  

  
  
    Load more",246,75,563,2059
15,yt-uix-sessionlink,a#footer-logo-link,footer-logo-link,,0,,A,/html/body/div[3]/div/div/div/a,A,,247,100,34,2180
28,yt-uix-button yt-uix-button-size-default yt-uix-button-default yt-uix-button-has-icon,button#yt-picker-language-button,yt-picker-language-button,,0,,BUTTON,/html/body/div[3]/div/div/ul/li/button,BUTTON,"Language:
  
  English",248,161,151,2174
28,yt-uix-button yt-uix-button-size-default yt-uix-button-default,button#yt-picker-country-button,yt-picker-country-button,,0,,BUTTON,/html/body/div[3]/div/div/ul/li[2]/button,BUTTON,"Location:
  
  United States",249,152,328,2174
28,yt-uix-button yt-uix-button-size-default yt-uix-button-default,button#yt-picker-safetymode-button,yt-picker-safetymode-button,,0,,BUTTON,/html/body/div[3]/div/div/ul/li[3]/button,BUTTON,"Restricted Mode:
  
Off",250,139,496,2174
28,yt-uix-button  footer-history yt-uix-sessionlink yt-uix-button-default yt-uix-button-size-default yt-uix-button-has-icon,div#footer-main > a,0,History,0,History,A,/html/body/div[3]/div/div/a,A,History,251,75,651,2174
28,yt-uix-button yt-uix-button-size-default yt-uix-button-default yt-uix-button-has-icon yt-uix-button-reverse yt-google-help-link inq-no-click ,button#google-help,google-help,,0,,BUTTON,/html/body/div[3]/div/div/button,BUTTON,Help,252,66,744,2174
15,0,ul#footer-links-primary > li > a,0,About,0,About,A,/html/body/div[3]/div/div[2]/ul/li/a,A,About,253,35,38,2234
15,0,ul#footer-links-primary > li:nth-of-type(2) > a,0,Press,0,Press,A,/html/body/div[3]/div/div[2]/ul/li[2]/a,A,Press,254,33,91,2234
15,0,ul#footer-links-primary > li:nth-of-type(3) > a,0,Copyright,0,Copyright,A,/html/body/div[3]/div/div[2]/ul/li[3]/a,A,Copyright,255,56,143,2234
15,0,ul#footer-links-primary > li:nth-of-type(4) > a,0,Creators,0,Creators,A,/html/body/div[3]/div/div[2]/ul/li[4]/a,A,Creators,256,50,217,2234
15,0,ul#footer-links-primary > li:nth-of-type(5) > a,0,Advertise,0,Advertise,A,/html/body/div[3]/div/div[2]/ul/li[5]/a,A,Advertise,257,56,285,2234
15,0,ul#footer-links-primary > li:nth-of-type(6) > a,0,Developers,0,Developers,A,/html/body/div[3]/div/div[2]/ul/li[6]/a,A,Developers,258,65,359,2234
13,0,ul#footer-links-secondary > li > a,0,Terms,0,Terms,A,/html/body/div[3]/div/div[2]/ul[2]/li/a,A,Terms,259,31,38,2259
13,0,ul#footer-links-secondary > li:nth-of-type(2) > a,0,Privacy,0,Privacy,A,/html/body/div[3]/div/div[2]/ul[2]/li[2]/a,A,Privacy,260,36,87,2259
13,0,ul#footer-links-secondary > li:nth-of-type(3) > a,0,Policy & Safety,0,Policy & S,A,/html/body/div[3]/div/div[2]/ul[2]/li[3]/a,A,Policy & Safety,261,76,142,2259
13,reportbug,ul#footer-links-secondary > li:nth-of-type(4) > a,0,Send feedback,0,Send feedb,A,/html/body/div[3]/div/div[2]/ul[2]/li[4]/a,A,Send feedback,262,73,233,2259
13,0,ul#footer-links-secondary > li:nth-of-type(5) > a,0,Test new features,0,Test new f,A,/html/body/div[3]/div/div[2]/ul[2]/li[5]/a,A,Test new features,263,88,325,2259
